# slug,chinese_name,english_name,scientific_name,wikipedia_page
azure_winged_magpie,灰喜鹊,Azure-winged Magpie,Cyanopica cyanus,Azure-winged_Magpie
brambling,燕雀,Brambling,Fringilla montifringilla,Brambling
carrion_crow,小嘴乌鸦,Carrion Crow,Corvus corone,Carrion_Crow
chinese_blackbird,乌鸫,Chinese Blackbird,Turdus mandarinus,Chinese_Blackbird
chinese_grosbeak,黑尾蜡嘴雀,Chinese Grosbeak,Eophona migratoria,Chinese_Grosbeak
chinese_spot_billed_duck,斑嘴鸭,Chinese Spot-billed Duck,Anas zonorhyncha,Chinese_Spot-billed_Duck
common_coot,白骨顶,Common Coot,Fulica atra,Common_Coot
common_moorhen,黑水鸡,Common Moorhen,Gallinula chloropus,Common_Moorhen
eurasian_skylark,云雀,Eurasian Skylark,Alauda arvensis,Eurasian_Skylark
eurasian_sparrow_hawk,雀鹰,Eurasian Sparrow Hawk,Accipiter nisus,Eurasian_Sparrow_Hawk
eurasian_tree_sparrow,麻雀,Eurasian Tree Sparrow,Passer montanus,Eurasian_Tree_Sparrow
eurasian_wren,鹪鹩,Eurasian Wren,Troglodytes troglodytes,Eurasian_Wren
falcated_duck,罗纹鸭,Falcated Duck,Mareca falcata,Falcated_Duck
great_cormorant,普通鸬鹚,Great Cormorant,Phalacrocorax carbo,Great_Cormorant
great_spotted_woodpecker,大斑啄木鸟,Great Spotted Woodpecker,Dendrocopos major,Great_Spotted_Woodpecker
grey_heron,苍鹭,Grey Heron,Ardea cinerea,Grey_Heron
hawfinch,锡嘴雀,Hawfinch,Coccothraustes coccothraustes,Hawfinch
japanese_tit,大山雀,Japanese Tit,Parus minor,Japanese_Tit
japanese_waxwing,小太平鸟,Japanese Waxwing,Bombycilla japonica,Japanese_Waxwing
light_vented_bulbul,白头鹎,Light-vented Bulbul,Pycnonotus sinensis,Light-vented_Bulbul
little_grebe,小䴙䴘,Little Grebe,Tachybaptus ruficollis,Little_Grebe
mallard,绿头鸭,Mallard,Anas platyrhynchos,Mallard
mandarin_duck,鸳鸯,Mandarin Duck,Aix galericulata,Mandarin_Duck
marsh_tit,沼泽山雀,Marsh Tit,Poecile palustris,Marsh_Tit
naumanns_thrush,红尾斑鸫,Naumann's Thrush,Turdus naumanni,Naumann's_Thrush
orange_flanked_bush_robin,红胁蓝尾鸲,Orange-flanked Bush-robin,Tarsiger cyanurus,Orange-flanked_Bush-robin
oriental_greenfinch,金翅雀,Oriental Greenfinch,Chloris sinica,Oriental_Greenfinch
oriental_magpie,喜鹊,Oriental Magpie,Pica serica,Oriental_Magpie
oriental_turtle_dove,山斑鸠,Oriental Turtle Dove,Streptopelia orientalis,Oriental_Turtle_Dove
pallass_leaf_warbler,黄腰柳莺,Pallas's Leaf Warbler,Phylloscopus proregulus,Pallas's_Leaf_Warbler
red_billed_blue_magpie,红嘴蓝鹊,Red-billed Blue Magpie,Urocissa erythroryncha,Red-billed_Blue_Magpie
silver_throated_bushtit,银喉长尾山雀,Silver-throated Bushtit,Aegithalos glaucogularis,Silver-throated_Bushtit
silver_throated_tit,银喉长尾山雀,Silver-throated Tit,Aegithalos glaucogularis,Silver-throated_Tit
spotted_dove,珠颈斑鸠,Spotted Dove,Spilopelia chinensis,Spotted_Dove
swan_goose,鸿雁,Swan Goose,Anser cygnoides,Swan_Goose
vinous_throated_parrotbill,棕头鸦雀,Vinous-throated Parrotbill,Sinosuthora webbiana,Vinous-throated_Parrotbill
water_pipit,水鹨,Water Pipit,Anthus spinoletta,Water_Pipit
white_cheeked_starling,灰椋鸟,White-cheeked Starling,Spodiopsar cineraceus,White-cheeked_Starling
yellow_throated_bunting,黄喉鹀,Yellow-throated Bunting,Emberiza elegans,Yellow-throated_Bunting
common_kingfisher,普通翠鸟,Common Kingfisher,Alcedo atthis,Common_Kingfisher
common_pochard,红头潜鸭,Common Pochard,Aythya ferina,Common_Pochard
daurian_redstart,北红尾鸲,Daurian Redstart,Phoenicurus auroreus,Daurian_Redstart
dusky_thrush,斑鸫,Dusky Thrush,Turdus eunomus,Dusky_Thrush
graylag_goose,灰雁,Graylag Goose,Anser anser,Graylag_Goose
hobby,燕隼,Hobby,Falco subbuteo,Hobby
little_bunting,小鹀,Little Bunting,Emberiza pusilla,Little_Bunting
whites_thrush,虎斑地鸫,White's Thrush,Zoothera aurea,White's_Thrush
whooper_swan,大天鹅,Whooper Swan,Cygnus cygnus,Whooper_Swan
bearded_reedling,文须雀,Bearded Reedling,Panurus biarmicus,Bearded_Reedling
black_crowned_night_heron,夜鹭,Black-crowned Night-heron,Nycticorax nycticorax,Black-crowned_Night-heron
chinese_pond_heron,池鹭,Chinese Pond Heron,Ardeola bacchus,Chinese_Pond_Heron
chinese_nuthatch,黑头䴓,Chinese Nuthatch,Sitta villosa,Chinese_Nuthatch
common_kestrel,红隼,Common Kestrel,Falco tinnunculus,Common_Kestrel
crested_myna,八哥,Crested Myna,Acridotheres cristatellus,Crested_Myna
daurian_jackdaw,达乌里寒鸦,Daurian Jackdaw,Corvus dauuricus,Daurian_Jackdaw
eurasian_bittern,大麻鳽,Eurasian Bittern,Botaurus stellaris,Eurasian_Bittern
grey_capped_woodpecker,星头啄木鸟,Grey-capped Woodpecker,Picoides canicapillus,Grey-capped_Woodpecker
grey_faced_woodpecker,灰头绿啄木鸟,Grey-faced Woodpecker,Picus canus,Grey-faced_Woodpecker
large_billed_crow,大嘴乌鸦,Large-billed Crow,Corvus macrorhynchos,Large-billed_Crow
great_crested_grebe,凤头䴙䴘,Great Crested Grebe,Podiceps cristatus,Great_Crested_Grebe
eurasian_collared_dove,灰斑鸠,Eurasian Collared Dove,Streptopelia decaocto,Eurasian_Collared_Dove
northern_goshawk,苍鹰,Northern Goshawk,Accipiter gentilis,Northern_Goshawk
plumbeous_water_redstart,红尾水鸲,Plumbeous Water Redstart,Phoenicurus fuliginosus,Plumbeous_Water_Redstart
bar_headed_goose,斑头雁,Bar-headed Goose,Anser indicus,Bar-headed_Goose
crested_kingfisher,冠鱼狗,Crested Kingfisher,Megaceryle lugubris,Crested_Kingfisher
goldcrest,戴菊,Goldcrest,Regulus regulus,Goldcrest
rustic_bunting,田鹀,Rustic Bunting,Emberiza rustica,Rustic_Bunting
siberian_accentor,棕眉山岩鹨,Siberian Accentor,Prunella montanella,Siberian_Accentor
willow_tit,褐头山雀,Willow Tit,Poecile montanus,Willow_Tit
baers_pochard,青头潜鸭,Baer's Pochard,Aythya baeri,Baer's_Pochard
baikal_teal,花脸鸭,Baikal Teal,Sibirionetta formosa,Baikal_Teal
barn_swallow,家燕,Barn Swallow,Hirundo rustica,Barn_Swallow
bean_goose,豆雁,Bean Goose,Anser fabalis,Bean_Goose
black_faced_bunting,灰头鹀,Black-faced Bunting,Emberiza spodocephala,Black-faced_Bunting
black_legged_kittiwake,三趾鸥,Black-legged Kittiwake,Rissa tridactyla,Black-legged_Kittiwake
black_necked_grebe,黑颈䴙䴘,Black-necked Grebe,Podiceps nigricollis,Black-necked_Grebe
black_stork,黑鹳,Black Stork,Ciconia nigra,Black_Stork
bohemian_waxwing,太平鸟,Bohemian Waxwing,Bombycilla garrulus,Bohemian_Waxwing
chinese_merganser,中华秋沙鸭,Chinese Merganser,Mergus squamatus,Chinese_Merganser
common_goldeneye,鹊鸭,Common Goldeneye,Bucephala clangula,Common_Goldeneye
common_house_martin,毛脚燕,Common House Martin,Delichon urbicum,Common_House_Martin
common_merganser,普通秋沙鸭,Common Merganser,Mergus merganser,Common_Merganser
common_pheasant,环颈雉,Common Pheasant,Phasianus colchicus,Common_Pheasant
eurasian_nuthatch,普通䴓,Eurasian Nuthatch,Sitta europaea,Eurasian_Nuthatch
ferruginous_duck,白眼潜鸭,Ferruginous Duck,Aythya nyroca,Ferruginous_Duck
greater_scaup,斑背潜鸭,Greater Scaup,Aythya marila,Greater_Scaup
japanese_grosbeak,黑头蜡嘴雀,Japanese Grosbeak,Eophona personata,Japanese_Grosbeak
lesser_white_fronted_goose,小白额雁,Lesser White-fronted Goose,Anser erythropus,Lesser_White-fronted_Goose
peregrine_falcon,游隼,Peregrine Falcon,Falco peregrinus,Peregrine_Falcon
pied_harrier,鹊鹞,Pied Harrier,Circus melanoleucos,Pied_Harrier
red_throated_thrush,赤颈鸫,Red-throated Thrush,Turdus ruficollis,Red-throated_Thrush
reed_parrotbill,震旦鸦雀,Reed Parrotbill,Paradoxornis heudei,Reed_Parrotbill
ruddy_shelduck,赤麻鸭,Ruddy Shelduck,Tadorna ferruginea,Ruddy_Shelduck
rufous_bellied_woodpecker,棕腹啄木鸟,Rufous-bellied Woodpecker,Dendrocopos hyperythrus,Rufous-bellied_Woodpecker
smew,斑头秋沙鸭,Smew,Mergellus albellus,Smew
tufted_duck,凤头潜鸭,Tufted Duck,Aythya fuligula,Tufted_Duck
white_backed_woodpecker,白背啄木鸟,White-backed Woodpecker,Dendrocopos leucotos,White-backed_Woodpecker
tundra_swan,小天鹅,Tundra Swan,Cygnus columbianus,Tundra_Swan
coal_tit,煤山雀,Coal Tit,Periparus ater,Coal_Tit
eurasian_teal,绿翅鸭,Eurasian Teal,Anas crecca,Eurasian_Teal
grey_wagtail,灰鹡鸰,Grey Wagtail,Motacilla cinerea,Grey_Wagtail
long_tailed_tit,北长尾山雀,Long-tailed Tit,Aegithalos caudatus,Long-tailed_Tit
red_breasted_flycatcher,红胸姬鹟,Red-breasted Flycatcher,Ficedula parva,Red-breasted_Flycatcher
red_breasted_merganser,红胸秋沙鸭,Red-breasted Merganser,Mergus serrator,Red-breasted_Merganser
red_crested_pochard,赤嘴潜鸭,Red-crested Pochard,Netta rufina,Red-crested_Pochard
rook,秃鼻乌鸦,Rook,Corvus frugilegus,Rook
taiga_flycatcher,红喉姬鹟,Taiga Flycatcher,Ficedula albicilla,Taiga_Flycatcher
yellow_breasted_bunting,黄胸鹀,Yellow-breasted Bunting,Emberiza aureola,Yellow-breasted_Bunting
black_headed_gull,红嘴鸥,Black-headed Gull,Chroicocephalus ridibundus,Black-headed_Gull
black_throated_thrush,黑喉鸫,Black-throated Thrush,Turdus atrogularis,Black-throated_Thrush
buff_bellied_pipit,黄腹鹨,Buff-bellied Pipit,Anthus rubescens,Buff-bellied_Pipit
chestnut_flanked_white_eye,红胁绣眼鸟,Chestnut-flanked White-eye,Zosterops erythropleurus,Chestnut-flanked_White-eye
chinese_beautiful_rosefinch,中华朱雀,Chinese Beautiful Rosefinch,Carpodacus davidianus,Chinese_Beautiful_Rosefinch
chinese_grey_shrike,楔尾伯劳,Chinese Grey Shrike,Lanius sphenocercus,Chinese_Grey_Shrike
collared_crow,白颈鸦,Collared Crow,Corvus pectoralis,Collared_Crow
common_rosefinch,普通朱雀,Common Rosefinch,Carpodacus erythrinus,Common_Rosefinch
common_starling,紫翅椋鸟,Common Starling,Sturnus vulgaris,Common_Starling
eastern_marsh_harrier,白腹鹞,Eastern Marsh Harrier,Circus spilonotus,Eastern_Marsh_Harrier
eastern_water_rail,普通秧鸡,Eastern Water Rail,Rallus indicus,Eastern_Water_Rail
eurasian_bullfinch,红腹灰雀,Eurasian Bullfinch,Pyrrhula pyrrhula,Eurasian_Bullfinch
eurasian_siskin,黄雀,Eurasian Siskin,Spinus spinus,Eurasian_Siskin
eyebrowed_thrush,白眉鸫,Eyebrowed Thrush,Turdus obscurus,Eyebrowed_Thrush
great_egret,大白鹭,Great Egret,Ardea alba,Great_Egret
mugimaki_flycatcher,鸲姬鹟,Mugimaki Flycatcher,Ficedula mugimaki,Mugimaki_Flycatcher
northern_eagle_owl,雕鸮,Northern Eagle Owl,Bubo bubo,Northern_Eagle_Owl
pallass_reed_bunting,苇鹀,Pallas's Reed Bunting,Emberiza pallasi,Pallas's_Reed_Bunting
pallass_rosefinch,北朱雀,Pallas's Rosefinch,Carpodacus roseus,Pallas's_Rosefinch
pine_bunting,白头鹀,Pine Bunting,Emberiza leucocephalos,Pine_Bunting
plain_laughingthrush,山噪鹛,Plain Laughingthrush,Pterorhinus davidi,Plain_Laughingthrush
saker_falcon,猎隼,Saker Falcon,Falco cherrug,Saker_Falcon
short_eared_owl,短耳鸮,Short-eared Owl,Asio flammeus,Short-eared_Owl
slavonian_grebe,角䴙䴘,Slavonian Grebe,Podiceps auritus,Slavonian_Grebe
tristrams_bunting,白眉鹀,Tristram's Bunting,Emberiza tristrami,Tristram's_Bunting
white_tailed_sea_eagle,白尾海雕,White-tailed Sea Eagle,Haliaeetus albicilla,White-tailed_Sea_Eagle
yellow_browed_bunting,黄眉鹀,Yellow-browed Bunting,Emberiza chrysophrys,Yellow-browed_Bunting
chinese_thrush,宝兴歌鸫,Chinese Thrush,Turdus mupinensis,Chinese_Thrush
dusky_warbler,褐柳莺,Dusky Warbler,Phylloscopus fuscatus,Dusky_Warbler
eastern_buzzard,普通鵟,Eastern Buzzard,Buteo japonicus,Eastern_Buzzard
eurasian_hoopoe,戴胜,Eurasian Hoopoe,Upupa epops,Eurasian_Hoopoe
eurasian_wigeon,赤颈鸭,Eurasian Wigeon,Mareca penelope,Eurasian_Wigeon
gadwall,赤膀鸭,Gadwall,Mareca strepera,Gadwall
little_egret,白鹭,Little Egret,Egretta garzetta,Little_Egret
upland_buzzard,大鵟,Upland Buzzard,Buteo hemilasius,Upland_Buzzard
yellow_bellied_tit,黄腹山雀,Yellow-bellied Tit,Pardaliparus venustulus,Yellow-bellied_Tit
yellow_browed_warbler,黄眉柳莺,Yellow-browed Warbler,Phylloscopus inornatus,Yellow-browed_Warbler
eurasian_coot,"白骨顶","Eurasian Coot","Fulica atra",Eurasian_Coot
gray_heron,"苍鹭","Grey Heron","Ardea cinerea",Grey_Heron
collared_finchbill,"领雀嘴鹎","Collared Finchbill","Spizixos semitorques",Collared_Finchbill
grey_backed_thrush,"灰背鸫","Grey-backed Thrush","Turdus hortulorum",Grey-backed_Thrush
hill_pigeon,"岩鸽","Hill Pigeon","Columba rupestris",Hill_Pigeon
vega_gull,"西伯利亚银鸥","Vega Gull","Larus vegae",Vega_Gull
cotton_pygmy_goose,"棉凫","Cotton Pygmy Goose","Nettapus coromandelianus",Cotton_Pygmy_Goose
garganey,"白眉鸭","Garganey","Spatula querquedula",Garganey
intermediate_egret,"中白鹭","Intermediate Egret","Ardea intermedia",Intermediate_Egret
beijing_hill_warbler,"山鹛","Beijing Hill-warbler","Rhopophilus pekinensis",Beijing_Hill-warbler
black_throated_bushtit,"红头长尾山雀","Black-throated Bushtit","Aegithalos concinnus",Black-throated_Bushtit
blyths_pipit,"布氏鹨","Blyth's Pipit","Anthus godlewskii",Blyth's_Pipit
european_robin,"欧亚鸲","European Robin","Erithacus rubecula",European_Robin
godlewskis_bunting,"灰眉岩鹀","Godlewski's Bunting","Emberiza godlewskii",Godlewski's_Bunting
hooded_crane,"白头鹤","Hooded Crane","Grus monacha",Hooded_Crane
lesser_whitethroat,"白喉林莺","Lesser Whitethroat","Curruca curruca",Lesser_Whitethroat
white_browed_laughingthrush,"白颊噪鹛","White-browed Laughingthrush","Pterorhinus sannio",White-browed_Laughingthrush
black_shouldered_kite,"黑翅鸢","Black-shouldered Kite","Elanus caeruleus",Black-shouldered_Kite
chinese_penduline_tit,"中华攀雀","Chinese Penduline Tit","Remiz consobrinus",Chinese_Penduline_Tit
eurasian_spoonbill,"白琵鹭","Eurasian Spoonbill","Platalea leucorodia",Eurasian_Spoonbill
little_owl,"纵纹腹小鸮","Little Owl","Athene noctua",Little_Owl
long_eared_owl,"长耳鸮","Long-eared Owl","Asio otus",Long-eared_Owl
manchurian_bush_warbler,"远东树莺","Manchurian Bush Warbler","Horornis canturians",Manchurian_Bush_Warbler
common_crane,"灰鹤","Common Crane","Grus grus",Common_Crane
dalmatian_pelican,"卷羽鹈鹕","Dalmatian Pelican","Pelecanus crispus",Dalmatian_Pelican
japanese_thrush,"乌灰鸫","Japanese Thrush","Turdus cardis",Japanese_Thrush
manchurian_reed_warbler,"远东苇莺","Manchurian Reed Warbler","Acrocephalus tangorum",Manchurian_Reed_Warbler
red_crossbill,"红交嘴雀","Red Crossbill","Loxia curvirostra",Red_Crossbill
white_fronted_goose,"白额雁","White-fronted Goose","Anser albifrons",White-fronted_Goose
long_tailed_shrike,"棕背伯劳","Long-tailed Shrike","Lanius schach",Long-tailed_Shrike
mew_gull,"普通海鸥","Mew Gull","Larus canus",Mew_Gull
cinereous_vulture,"秃鹫","Cinereous Vulture","Aegypius monachus",Cinereous_Vulture
eastern_red_footed_falcon,"红脚隼","Eastern Red-footed Falcon","Falco amurensis",Eastern_Red-footed_Falcon
grey_faced_buzzard,"灰脸鵟鹰","Grey-faced Buzzard","Butastur indicus",Grey-faced_Buzzard
olive_backed_pipit,"树鹨","Olive-backed Pipit","Anthus hodgsoni",Olive-backed_Pipit
oriental_honey_buzzard,"凤头蜂鹰","Oriental Honey-buzzard","Pernis ptilorhynchus",Oriental_Honey-buzzard
oriental_stork,"东方白鹳","Oriental Stork","Ciconia boyciana",Oriental_Stork
osprey,"鹗","Osprey","Pandion haliaetus",Osprey
yellow_bittern,"黄斑苇鳽","Yellow Bittern","Ixobrychus sinensis",Yellow_Bittern
asian_barred_owlet,"斑头鸺鹠","Asian Barred Owlet","Glaucidium cuculoides",Asian_Barred_Owlet
asian_brown_flycatcher,"北灰鹟","Asian Brown Flycatcher","Muscicapa dauurica",Asian_Brown_Flycatcher
black_collared_starling,"黑领椋鸟","Black-collared Starling","Gracupica nigricollis",Black-collared_Starling
chinese_hwamei,"画眉","Chinese Hwamei","Garrulax canorus",Chinese_Hwamei
cinnamon_bittern,"栗苇鳽","Cinnamon Bittern","Ixobrychus cinnamomeus",Cinnamon_Bittern
collared_scops_owl,"领角鸮","Collared Scops Owl","Otus lettia",Collared_Scops_Owl
common_chaffinch,"苍头燕雀","Common Chaffinch","Fringilla coelebs",Common_Chaffinch
common_tailorbird,"长尾缝叶莺","Common Tailorbird","Orthotomus sutorius",Common_Tailorbird
crested_goshawk,"凤头鹰","Crested Goshawk","Accipiter trivirgatus",Crested_Goshawk
fieldfare,"田鸫","Fieldfare","Turdus pilaris",Fieldfare
fire_breasted_flowerpecker,"红胸啄花鸟","Fire-breasted Flowerpecker","Dicaeum ignipectus",Fire-breasted_Flowerpecker
fork_tailed_sunbird,"叉尾太阳鸟","Fork-tailed Sunbird","Aethopyga christinae",Fork-tailed_Sunbird
great_barbet,"大拟啄木鸟","Great Barbet","Psilopogon virens",Great_Barbet
greater_coucal,"褐翅鸦鹃","Greater Coucal","Centropus sinensis",Greater_Coucal
green_backed_heron,"绿鹭","Green-backed Heron","Butorides striata",Green-backed_Heron
hodgsons_redstart,"黑喉红尾鸲","Hodgson's Redstart","Phoenicurus hodgsoni",Hodgson's_Redstart
house_swift,"小白腰雨燕","House Swift","Apus nipalensis",House_Swift
little_ringed_plover,"金眶鸻","Little Ringed Plover","Charadrius dubius",Little_Ringed_Plover
masked_laughingthrush,"黑脸噪鹛","Masked Laughingthrush","Pterorhinus perspicillatus",Masked_Laughingthrush
northern_boobook,"日本鹰鸮","Northern Boobook","Ninox japonica",Northern_Boobook
oriental_magpie_robin,"鹊鸲","Oriental Magpie-robin","Copsychus saularis",Oriental_Magpie-robin
plain_prinia,"纯色山鹪莺","Plain Prinia","Prinia inornata",Plain_Prinia
red_rumped_swallow,"金腰燕","Red-rumped Swallow","Cecropis daurica",Red-rumped_Swallow
red_whiskered_bulbul,"红耳鹎","Red-whiskered Bulbul","Pycnonotus jocosus",Red-whiskered_Bulbul
rufous_tailed_robin,"红尾歌鸲","Rufous-tailed Robin","Larvivora sibilans",Rufous-tailed_Robin
scaly_breasted_munia,"斑文鸟","Scaly-breasted Munia","Lonchura punctulata",Scaly-breasted_Munia
sooty_headed_bulbul,"白喉红臀鹎","Sooty-headed Bulbul","Pycnonotus aurigaster",Sooty-headed_Bulbul
speckled_piculet,"斑姬啄木鸟","Speckled Piculet","Picumnus innominatus",Speckled_Piculet
stejnegers_stonechat,"东亚石䳭","Stejneger's Stonechat","Saxicola stejnegeri",Stejneger's_Stonechat
swinhoes_white_eye,"暗绿绣眼鸟","Swinhoe's White-eye","Zosterops simplex",Swinhoe's_White-eye
two_barred_warbler,"双斑绿柳莺","Two-barred Warbler","Phylloscopus plumbeitarsus",Two-barred_Warbler
western_koel,"噪鹃","Western Koel","Eudynamys scolopaceus",Western_Koel
white_breasted_waterhen,"白胸苦恶鸟","White-breasted Waterhen","Amaurornis phoenicurus",White-breasted_Waterhen
white_rumped_munia,"白腰文鸟","White-rumped Munia","Lonchura striata",White-rumped_Munia
white_throated_kingfisher,"白胸翡翠","White-throated Kingfisher","Halcyon smyrnensis",White-throated_Kingfisher
white_wagtail,"白鹡鸰","White Wagtail","Motacilla alba",White_Wagtail
yellow_bellied_prinia,"黄腹山鹪莺","Yellow-bellied Prinia","Prinia flaviventris",Yellow-bellied_Prinia
eurasian_woodcock,"丘鹬","Eurasian Woodcock","Scolopax rusticola",Eurasian_Woodcock
mountain_tailorbird,"栗头织叶莺","Mountain Tailorbird","Phyllergates cucullatus",Mountain_Tailorbird
scarlet_minivet,"赤红山椒鸟","Scarlet Minivet","Pericrocotus speciosus",Scarlet_Minivet
chestnut_bulbul,"栗背短脚鹎","Chestnut Bulbul","Hemixos castanonotus",Chestnut_Bulbul
grey_chinned_minivet,"灰喉山椒鸟","Grey-chinned Minivet","Pericrocotus solaris",Grey-chinned_Minivet
red_billed_leiothrix,"红嘴相思鸟","Red-billed Leiothrix","Leiothrix lutea",Red-billed_Leiothrix
rufous_faced_warbler,"棕脸鹟莺","Rufous-faced Warbler","Abroscopus albogularis",Rufous-faced_Warbler
silver_pheasant,"白鹇","Silver Pheasant","Lophura nycthemera",Silver_Pheasant
black_chinned_yuhina,"黑颏凤鹛","Black-chinned Yuhina","Yuhina nigrimenta",Black-chinned_Yuhina
blue_winged_minla,"蓝翅希鹛","Blue-winged Minla","Actinodura cyanouroptera",Blue-winged_Minla
brown_breasted_bulbul,"黄臀鹎","Brown-breasted Bulbul","Pycnonotus xanthorrhous",Brown-breasted_Bulbul
brown_dipper,"褐河乌","Brown Dipper","Cinclus pallasii",Brown_Dipper
brown_shrike,"红尾伯劳","Brown Shrike","Lanius cristatus",Brown_Shrike
chestnut_eared_bunting,"栗耳鹀","Chestnut-eared Bunting","Emberiza fucata",Chestnut-eared_Bunting
chinese_barbet,"黑眉拟啄木鸟","Chinese Barbet","Psilopogon faber",Chinese_Barbet
davids_fulvetta,"灰眶雀鹛","David's Fulvetta","Alcippe davidi",David's_Fulvetta
green_sandpiper,"白腰草鹬","Green Sandpiper","Tringa ochropus",Green_Sandpiper
little_forktail,"小燕尾","Little Forktail","Enicurus scouleri",Little_Forktail
richards_pipit,"田鹨","Richard's Pipit","Anthus richardi",Richard's_Pipit
slaty_backed_forktail,"灰背燕尾","Slaty-backed Forktail","Enicurus schistaceus",Slaty-backed_Forktail
spotted_forktail,"斑背燕尾","Spotted Forktail","Enicurus maculatus",Spotted_Forktail
streak_breasted_scimitar_babbler,"棕颈钩嘴鹛","Streak-breasted Scimitar Babbler","Pomatorhinus ruficollis",Streak-breasted_Scimitar_Babbler
white_capped_water_redstart,"白顶溪鸲","White-capped Water-redstart","Phoenicurus leucocephalus",White-capped_Water-redstart
white_crowned_forktail,"白额燕尾","White-crowned Forktail","Enicurus leschenaulti",White-crowned_Forktail
wryneck,"蚁䴕","Wryneck","Jynx torquilla",Wryneck
ashy_bulbul,"灰短脚鹎","Ashy Bulbul","Hemixos flavala",Ashy_Bulbul
ashy_drongo,"灰卷尾","Ashy Drongo","Dicrurus leucophaeus",Ashy_Drongo
asian_fairy_bluebird,"和平鸟","Asian Fairy-bluebird","Irena puella",Asian_Fairy-bluebird
banded_bay_cuckoo,"栗斑杜鹃","Banded Bay Cuckoo","Cacomantis sonneratii",Banded_Bay_Cuckoo
bar_tailed_cuckoo_dove,"斑尾鹃鸠","Bar-tailed Cuckoo Dove","Macropygia unchall",Bar-tailed_Cuckoo_Dove
bay_woodpecker,"黄嘴栗啄木鸟","Bay Woodpecker","Blythipicus pyrrhotis",Bay_Woodpecker
black_backed_forktail,"黑背燕尾","Black-backed Forktail","Enicurus immaculatus",Black-backed_Forktail
black_breasted_thrush,"黑胸鸫","Black-breasted Thrush","Turdus dissimilis",Black-breasted_Thrush
black_browed_reed_warbler,"黑眉苇莺","Black-browed Reed Warbler","Acrocephalus bistrigiceps",Black-browed_Reed_Warbler
black_bulbul,"黑短脚鹎","Black Bulbul","Hypsipetes leucocephalus",Black_Bulbul
black_capped_bulbul,"黑冠黄鹎","Black-capped Bulbul","Rubigula flaviventris",Black-capped_Bulbul
black_drongo,"黑卷尾","Black Drongo","Dicrurus macrocercus",Black_Drongo
black_eagle,"林雕","Black Eagle","Ictinaetus malaiensis",Black_Eagle
black_hooded_oriole,"黑头黄鹂","Black-hooded Oriole","Oriolus xanthornus",Black-hooded_Oriole
black_throated_laughingthrush,"黑喉噪鹛","Black-throated Laughingthrush","Pterorhinus chinensis",Black-throated_Laughingthrush
blue_bearded_bee_eater,"蓝须夜蜂虎","Blue-bearded Bee Eater","Nyctyornis athertoni",Blue-bearded_Bee_Eater
blue_eared_barbet,"蓝耳拟啄木鸟","Blue-eared Barbet","Psilopogon duvaucelii",Blue-eared_Barbet
blue_naped_pitta,"蓝枕八色鸫","Blue-naped Pitta","Hydrornis nipalensis",Blue-naped_Pitta
blue_rock_thrush,"蓝矶鸫","Blue Rock Thrush","Monticola solitarius",Blue_Rock_Thrush
blue_throated_barbet,"蓝喉拟啄木鸟","Blue-throated Barbet","Psilopogon asiaticus",Blue-throated_Barbet
blue_whistling_thrush,"紫啸鸫","Blue Whistling Thrush","Myophonus caeruleus",Blue_Whistling_Thrush
blue_winged_laughingthrush,"蓝翅噪鹛","Blue-winged Laughingthrush","Trochalopteron squamatum",Blue-winged_Laughingthrush
blue_winged_leafbird,"蓝翅叶鹎","Blue-winged Leafbird","Chloropsis cochinchinensis",Blue-winged_Leafbird
bluethroat,"蓝喉歌鸲","Bluethroat","Luscinia svecica",Bluethroat
bronzed_drongo,"古铜色卷尾","Bronzed Drongo","Dicrurus aeneus",Bronzed_Drongo
brown_boobook,"鹰鸮","Brown Boobook","Ninox scutulata",Brown_Boobook
brown_cheeked_fulvetta,"褐脸雀鹛","Brown-cheeked Fulvetta","Alcippe poioicephala",Brown-cheeked_Fulvetta
brown_flanked_bush_warbler,"强脚树莺","Brown-flanked Bush Warbler","Horornis fortipes",Brown-flanked_Bush_Warbler
buff_barred_warbler,"橙斑翅柳莺","Buff-barred Warbler","Phylloscopus pulcher",Buff-barred_Warbler
buff_breasted_babbler,"棕胸雅鹛","Buff-breasted Babbler","Pellorneum tickelli",Buff-breasted_Babbler
buff_chested_babbler,"黄喉穗鹛","Buff-chested Babbler","Cyanoderma ambiguum",Buff-chested_Babbler
cattle_egret,"牛背鹭","Cattle Egret","Bubulcus coromandus",Cattle_Egret
chestnut_bellied_rock_thrush,"栗腹矶鸫","Chestnut-bellied Rock Thrush","Monticola rufiventris",Chestnut-bellied_Rock_Thrush
chinese_bamboo_partridge,"灰胸竹鸡","Chinese Bamboo Partridge","Bambusicola thoracicus",Chinese_Bamboo_Partridge
citrine_wagtail,"黄头鹡鸰","Citrine Wagtail","Motacilla citreola",Citrine_Wagtail
collared_falconet,"红腿小隼","Collared Falconet","Microhierax caerulescens",Collared_Falconet
collared_owlet,"领鸺鹠","Collared Owlet","Glaucidium brodiei",Collared_Owlet
collared_treepie,"黑额树鹊","Collared Treepie","Dendrocitta frontalis",Collared_Treepie
common_green_magpie,"蓝绿鹊","Common Green Magpie","Cissa chinensis",Common_Green_Magpie
common_hill_myna,"鹩哥","Common Hill Myna","Gracula religiosa",Common_Hill_Myna
common_reed_bunting,"芦鹀","Common Reed Bunting","Emberiza schoeniclus",Common_Reed_Bunting
common_snipe,"扇尾沙锥","Common Snipe","Gallinago gallinago",Common_Snipe
coral_billed_scimitar_babbler,"红嘴钩嘴鹛","Coral-billed Scimitar Babbler","Pomatorhinus ferruginosus",Coral-billed_Scimitar_Babbler
crested_finchbill,"凤头雀嘴鹎","Crested Finchbill","Spizixos canifrons",Crested_Finchbill
crested_serpent_eagle,"蛇雕","Crested Serpent Eagle","Spilornis cheela",Crested_Serpent_Eagle
dark_necked_tailorbird,"黑喉缝叶莺","Dark-necked Tailorbird","Orthotomus atrogularis",Dark-necked_Tailorbird
daurian_starling,"北椋鸟","Daurian Starling","Agropsar sturninus",Daurian_Starling
eastern_yellow_wagtail,"黄鹡鸰","Eastern Yellow Wagtail","Motacilla tschutschensis",Eastern_Yellow_Wagtail
emerald_dove,"绿翅金鸠","Emerald Dove","Chalcophaps indica",Emerald_Dove
flavescent_bulbul,"黄绿鹎","Flavescent Bulbul","Pycnonotus flavescens",Flavescent_Bulbul
fujian_niltava,"棕腹大仙鹟","Fujian Niltava","Niltava davidi",Fujian_Niltava
golden_babbler,"金头穗鹛","Golden Babbler","Cyanoderma chrysaeum",Golden_Babbler
golden_fronted_leafbird,"金额叶鹎","Golden-fronted Leafbird","Chloropsis aurifrons",Golden-fronted_Leafbird
great_indian_hornbill,"双角犀鸟","Great Indian Hornbill","Buceros bicornis",Great_Indian_Hornbill
great_slaty_woodpecker,"大灰啄木鸟","Great Slaty Woodpecker","Mulleripicus pulverulentus",Great_Slaty_Woodpecker
greater_flameback,"大金背啄木鸟","Greater Flameback","Chrysocolaptes guttacristatus",Greater_Flameback
greater_necklaced_laughingthrush,"黑领噪鹛","Greater Necklaced Laughingthrush","Pterorhinus pectoralis",Greater_Necklaced_Laughingthrush
greater_racket_tailed_drongo,"大盘尾","Greater Racket-tailed Drongo","Dicrurus paradiseus",Greater_Racket-tailed_Drongo
greater_yellow_naped_woodpecker,"大黄冠啄木鸟","Greater Yellow-naped Woodpecker","Chrysophlegma flavinucha",Greater_Yellow-naped_Woodpecker
grey_backed_shrike,"灰背伯劳","Grey-backed Shrike","Lanius tephronotus",Grey-backed_Shrike
grey_bellied_tesia,"灰腹地莺","Grey-bellied Tesia","Tesia cyaniventer",Grey-bellied_Tesia
grey_breasted_prinia,"灰胸山鹪莺","Grey-breasted Prinia","Prinia hodgsonii",Grey-breasted_Prinia
grey_bushchat,"灰林䳭","Grey Bushchat","Saxicola ferreus",Grey_Bushchat
grey_eyed_bulbul,"灰眼短脚鹎","Grey-eyed Bulbul","Iole propinqua",Grey-eyed_Bulbul
grey_headed_canary_flycatcher,"方尾鹟","Grey-headed Canary-flycatcher","Culicicapa ceylonensis",Grey-headed_Canary-flycatcher
grey_headed_lapwing,"灰头麦鸡","Grey-headed Lapwing","Vanellus cinereus",Grey-headed_Lapwing
grey_peacock_pheasant,"灰孔雀雉","Grey Peacock Pheasant","Polyplectron bicalcaratum",Grey_Peacock_Pheasant
grey_sibia,"灰奇鹛","Grey Sibia","Heterophasia gracilis",Grey_Sibia
grey_sided_laughingthrush,"灰胁噪鹛","Grey-sided Laughingthrush","Pterorhinus caerulatus",Grey-sided_Laughingthrush
grey_sided_scimitar_babbler,"华南斑胸钩嘴鹛","Grey-sided Scimitar Babbler","Erythrogenys swinhoei",Grey-sided_Scimitar_Babbler
grey_throated_babbler,"黑头穗鹛","Grey-throated Babbler","Stachyris nigriceps",Grey-throated_Babbler
grey_treepie,"灰树鹊","Grey Treepie","Dendrocitta formosae",Grey_Treepie
grey_winged_blackbird,"灰翅鸫","Grey-winged Blackbird","Turdus boulboul",Grey-winged_Blackbird
hainan_blue_flycatcher,"海南蓝仙鹟","Hainan Blue Flycatcher","Cyornis hainanus",Hainan_Blue_Flycatcher
hair_crested_drongo,"发冠卷尾","Hair-crested Drongo","Dicrurus hottentottus",Hair-crested_Drongo
hill_blue_flycatcher,"山蓝仙鹟","Hill Blue Flycatcher","Cyornis whitei",Hill_Blue_Flycatcher
himalayan_bush_robin,"蓝眉林鸲","Himalayan Bush-robin","Tarsiger rufilatus",Himalayan_Bush-robin
himalayan_buzzard,"喜山鵟","Himalayan Buzzard","Buteo refectus",Himalayan_Buzzard
himalayan_shortwing,"喜山蓝短翅鸫","Himalayan Shortwing","Brachypteryx cruralis",Himalayan_Shortwing
imperial_pigeon,"山皇鸠","Imperial Pigeon","Ducula badia",Imperial_Pigeon
indian_white_eye,"灰腹绣眼鸟","Indian White-eye","Zosterops palpebrosus",Indian_White-eye
indochinese_yuhina,"栗颈凤鹛","Indochinese Yuhina","Staphida torqueola",Indochinese_Yuhina
jerdons_baza,"褐冠鹃隼","Jerdon's Baza","Aviceda jerdoni",Jerdon's_Baza
kalij_pheasant,"黑鹇","Kalij Pheasant","Lophura leucomelanos",Kalij_Pheasant
large_niltava,"大仙鹟","Large Niltava","Niltava grandis",Large_Niltava
large_scimitar_babbler,"长嘴钩嘴鹛","Large Scimitar Babbler","Erythrogenys hypoleucos",Large_Scimitar_Babbler
large_woodshrike,"钩嘴林鵙","Large Woodshrike","Tephrodornis virgatus",Large_Woodshrike
lesser_necklaced_laughingthrush,"小黑领噪鹛","Lesser Necklaced Laughingthrush","Garrulax monileger",Lesser_Necklaced_Laughingthrush
lesser_yellow_naped_woodpecker,"黄冠啄木鸟","Lesser Yellow-naped Woodpecker","Picus chlorolophus",Lesser_Yellow-naped_Woodpecker
little_pied_flycatcher,"小斑姬鹟","Little Pied Flycatcher","Ficedula westermanni",Little_Pied_Flycatcher
long_tailed_broadbill,"长尾阔嘴鸟","Long-tailed Broadbill","Psarisomus dalhousiae",Long-tailed_Broadbill
long_tailed_minivet,"长尾山椒鸟","Long-tailed Minivet","Pericrocotus ethologus",Long-tailed_Minivet
long_tailed_sibia,"长尾奇鹛","Long-tailed Sibia","Heterophasia picaoides",Long-tailed_Sibia
maroon_oriole,"朱鹂","Maroon Oriole","Oriolus traillii",Maroon_Oriole
mountain_bamboo_partridge,"棕胸竹鸡","Mountain Bamboo Partridge","Bambusicola fytchii",Mountain_Bamboo_Partridge
mountain_bulbul,"绿翅短脚鹎","Mountain Bulbul","Ixos mcclellandii",Mountain_Bulbul
mountain_scops_owl,"黄嘴角鸮","Mountain Scops Owl","Otus spilocephalus",Mountain_Scops_Owl
mrs_goulds_sunbird,"蓝喉太阳鸟","Mrs. Gould's Sunbird","Aethopyga gouldiae",Mrs._Gould's_Sunbird
nepal_fulvetta,"白眶雀鹛","Nepal Fulvetta","Alcippe nipalensis",Nepal_Fulvetta
northern_hawk_cuckoo,"北棕腹鹰鹃","Northern Hawk-cuckoo","Hierococcyx hyperythrus",Northern_Hawk-cuckoo
northern_pintail,"针尾鸭","Northern Pintail","Anas acuta",Northern_Pintail
orange_bellied_leafbird,"西南橙腹叶鹎","Orange-bellied Leafbird","Chloropsis hardwickii",Orange-bellied_Leafbird
oriental_darter,"黑腹蛇鹈","Oriental Darter","Anhinga melanogaster",Oriental_Darter
oriental_hobby,"猛隼","Oriental Hobby","Falco severus",Oriental_Hobby
oriental_pied_hornbill,"冠斑犀鸟","Oriental Pied Hornbill","Anthracoceros albirostris",Oriental_Pied_Hornbill
pale_blue_flycatcher,"纯蓝仙鹟","Pale Blue Flycatcher","Cyornis unicolor",Pale_Blue_Flycatcher
pale_thrush,"白腹鸫","Pale Thrush","Turdus pallidus",Pale_Thrush
pied_bushchat,"白斑黑石䳭","Pied Bushchat","Saxicola caprata",Pied_Bushchat
pin_striped_tit_babbler,"纹胸鹛","Pin-striped Tit-babbler","Mixornis gularis",Pin-striped_Tit-babbler
pin_tailed_green_pigeon,"针尾绿鸠","Pin-tailed Green Pigeon","Treron apicauda",Pin-tailed_Green_Pigeon
puff_throated_babbler,"棕头幽鹛","Puff-throated Babbler","Pellorneum ruficeps",Puff-throated_Babbler
puff_throated_bulbul,"白喉冠鹎","Puff-throated Bulbul","Alophoixus pallidus",Puff-throated_Bulbul
purple_heron,"草鹭","Purple Heron","Ardea purpurea",Purple_Heron
pygmy_cupwing,"小鳞胸鹪鹛","Pygmy Cupwing","Pnoepyga pusilla",Pygmy_Cupwing
red_billed_scimitar_babbler,"棕头钩嘴鹛","Red-billed Scimitar Babbler","Pomatorhinus ochraceiceps",Red-billed_Scimitar_Babbler
red_billed_starling,"丝光椋鸟","Red-billed Starling","Spodiopsar sericeus",Red-billed_Starling
red_junglefowl,"红原鸡","Red Junglefowl","Gallus gallus",Red_Junglefowl
red_tailed_laughingthrush,"红尾噪鹛","Red-tailed Laughingthrush","Trochalopteron milnei",Red-tailed_Laughingthrush
red_vented_bulbul,"黑喉红臀鹎","Red-vented Bulbul","Pycnonotus cafer",Red-vented_Bulbul
rosy_pipit,"粉红胸鹨","Rosy Pipit","Anthus roseatus",Rosy_Pipit
rufous_backed_sibia,"栗背奇鹛","Rufous-backed Sibia","Leioptila annectens",Rufous-backed_Sibia
rufous_bellied_hawk_eagle,"棕腹隼雕","Rufous-bellied Hawk Eagle","Lophotriorchis kienerii",Rufous-bellied_Hawk_Eagle
rufous_bellied_niltava,"棕腹仙鹟","Rufous-bellied Niltava","Niltava sundara",Rufous-bellied_Niltava
rufous_capped_babbler,"红头穗鹛","Rufous-capped Babbler","Cyanoderma ruficeps",Rufous-capped_Babbler
rufous_gorgeted_flycatcher,"橙胸姬鹟","Rufous-gorgeted Flycatcher","Ficedula strophiata",Rufous-gorgeted_Flycatcher
rufous_headed_parrotbill,"红头鸦雀","Rufous-headed Parrotbill","Psittiparus bakeri",Rufous-headed_Parrotbill
rufous_throated_hill_partridge,"红喉山鹧鸪","Rufous-throated Hill Partridge","Arborophila rufogularis",Rufous-throated_Hill_Partridge
rusty_capped_fulvetta,"褐胁雀鹛","Rusty-capped Fulvetta","Schoeniparus dubius",Rusty-capped_Fulvetta
rusty_fronted_barwing,"栗额斑翅鹛","Rusty-fronted Barwing","Actinodura egertoni",Rusty-fronted_Barwing
sapphire_flycatcher,"玉头姬鹟","Sapphire Flycatcher","Ficedula sapphira",Sapphire_Flycatcher
scarlet_backed_flowerpecker,"朱背啄花鸟","Scarlet-backed Flowerpecker","Dicaeum cruentatum",Scarlet-backed_Flowerpecker
scarlet_faced_liocichla,"红翅薮鹛","Scarlet-faced Liocichla","Liocichla ripponi",Scarlet-faced_Liocichla
short_billed_minivet,"短嘴山椒鸟","Short-billed Minivet","Pericrocotus brevirostris",Short-billed_Minivet
siberian_stonechat,"黑喉石䳭","Siberian Stonechat","Saxicola maurus",Siberian_Stonechat
siberian_thrush,"白眉地鸫","Siberian Thrush","Geokichla sibirica",Siberian_Thrush
silver_breasted_broadbill,"银胸丝冠鸟","Silver-breasted Broadbill","Serilophus lunatus",Silver-breasted_Broadbill
silver_eared_mesia,"银耳相思鸟","Silver-eared Mesia","Leiothrix argentauris",Silver-eared_Mesia
slaty_blue_flycatcher,"灰蓝姬鹟","Slaty-blue Flycatcher","Ficedula tricolor",Slaty-blue_Flycatcher
slender_billed_oriole,"细嘴黄鹂","Slender-billed Oriole","Oriolus tenuirostris",Slender-billed_Oriole
small_niltava,"小仙鹟","Small Niltava","Niltava macgrigoriae",Small_Niltava
snowy_browed_flycatcher,"棕胸蓝姬鹟","Snowy-browed Flycatcher","Ficedula hyperythra",Snowy-browed_Flycatcher
speckled_wood_pigeon,"斑林鸽","Speckled Wood Pigeon","Columba hodgsonii",Speckled_Wood_Pigeon
spot_bellied_eagle_owl,"林雕鸮","Spot-bellied Eagle Owl","Bubo nipalensis",Spot-bellied_Eagle_Owl
spot_breasted_laughingthrush,"斑胸噪鹛","Spot-breasted Laughingthrush","Garrulax merulinus",Spot-breasted_Laughingthrush
streaked_spiderhunter,"纹背捕蛛鸟","Streaked Spiderhunter","Arachnothera magna",Streaked_Spiderhunter
striated_swallow,"斑腰燕","Striated Swallow","Cecropis striolata",Striated_Swallow
stripe_breasted_woodpecker,"纹胸啄木鸟","Stripe-breasted Woodpecker","Dendrocopos atratus",Stripe-breasted_Woodpecker
sultan_tit,"冕雀","Sultan Tit","Melanochlora sultanea",Sultan_Tit
velvet_fronted_nuthatch,"绒额䴓","Velvet-fronted Nuthatch","Sitta frontalis",Velvet-fronted_Nuthatch
verditer_flycatcher,"铜蓝鹟","Verditer Flycatcher","Eumyias thalassinus",Verditer_Flycatcher
wedge_tailed_green_pigeon,"楔尾绿鸠","Wedge-tailed Green Pigeon","Treron sphenurus",Wedge-tailed_Green_Pigeon
western_water_rail,"西秧鸡","Western Water Rail","Rallus aquaticus",Western_Water_Rail
whiskered_yuhina,"黄颈凤鹛","Whiskered Yuhina","Yuhina flavicollis",Whiskered_Yuhina
white_bellied_erpornis,"白腹凤鹛","White-bellied Erpornis","Erpornis zantholeuca",White-bellied_Erpornis
white_browed_piculet,"白眉棕啄木鸟","White-browed Piculet","Sasia ochracea",White-browed_Piculet
white_browed_scimitar_babbler,"灰头钩嘴鹛","White-browed Scimitar Babbler","Pomatorhinus schisticeps",White-browed_Scimitar_Babbler
white_cheeked_hill_partridge,"白颊山鹧鸪","White-cheeked Hill Partridge","Arborophila atrogularis",White-cheeked_Hill_Partridge
white_crested_laughingthrush,"白冠噪鹛","White-crested Laughingthrush","Garrulax leucolophus",White-crested_Laughingthrush
white_gorgeted_flycatcher,"白喉姬鹟","White-gorgeted Flycatcher","Anthipes monileger",White-gorgeted_Flycatcher
white_hooded_babbler,"白头鵙鹛","White-hooded Babbler","Gampsorhynchus rufulus",White-hooded_Babbler
white_rumped_shama,"白腰鹊鸲","White-rumped Shama","Copsychus malabaricus",White-rumped_Shama
white_tailed_flycatcher,"白尾蓝仙鹟","White-tailed Flycatcher","Cyornis concretus",White-tailed_Flycatcher
white_tailed_robin,"白尾蓝地鸲","White-tailed Robin","Myiomela leucura",White-tailed_Robin
white_throated_bulbul,"黄腹冠鹎","White-throated Bulbul","Alophoixus flaveolus",White-throated_Bulbul
white_throated_fantail,"白喉扇尾鹟","White-throated Fantail","Rhipidura albicollis",White-throated_Fantail
woolly_necked_stork,"白颈鹳","Woolly-necked Stork","Ciconia episcopus",Woolly-necked_Stork
wreathed_hornbill,"花冠皱盔犀鸟","Wreathed Hornbill","Rhyticeros undulatus",Wreathed_Hornbill
yellow_bellied_fantail,"黄腹扇尾鹟","Yellow-bellied Fantail","Chelidorhynx hypoxanthus",Yellow-bellied_Fantail
yellow_bellied_warbler,"黄腹鹟莺","Yellow-bellied Warbler","Abroscopus superciliaris",Yellow-bellied_Warbler
yunnan_fulvetta,"云南雀鹛","Yunnan Fulvetta","Alcippe fratercula",Yunnan_Fulvetta
little_spiderhunter,"长嘴捕蛛鸟","Little Spiderhunter","Arachnothera longirostra",Little_Spiderhunter
