地点名称,时间段,观鸟点名称,访问人数,访问次数,大概鸟种数
广州,所有时段,浔峰山生态公园,231,489,33
广州,所有时段,珠江公园,205,315,22
广州,所有时段,朱村,186,293,54
广州,所有时段,广州起义烈士陵园,186,253,19
广州,所有时段,流花湖公园,147,212,33
广州,所有时段,广州雕塑公园,110,119,20
广州,所有时段,华南师范大学(石牌校区),107,117,19
广州,所有时段,白云山风景名胜区,92,166,44
广州,所有时段,南沙十九涌,87,130,72
广州,所有时段,中山大学(广州校区南校园),65,131,25
广州,所有时段,火炉山森林公园,50,58,33
广州,所有时段,洪奇门,41,56,54
广州,所有时段,中国科学院华南植物园,39,70,51
广州,所有时段,越秀公园,39,60,25
广州,所有时段,广州市白云区龙虎岗,37,65,26
广州,所有时段,麓湖公园(广州市越秀区),37,39,24
广州,所有时段,流花湖公园(广州市越秀区东风西路163),36,53,26
广州,所有时段,南沙湿地,35,39,53
广州,所有时段,天河公园,31,34,24
广州,所有时段,花城广场,29,34,9
广州,所有时段,白石山,29,31,29
广州,所有时段,萝岗香雪公园,28,30,16
广州,所有时段,盈翠公园,26,32,24
广州,所有时段,黄山鲁森林公园,25,44,34
广州,所有时段,广州起义烈士陵园(越秀区中山二路92号),25,32,21
广州,所有时段,华南师范大学(石牌校区)荷花湖,24,25,16
广州,所有时段,广州增城丝苗米稻田公园,23,37,38
广州,所有时段,麓湖公园,23,29,28
广州,所有时段,海珠湖,23,25,23
广州,所有时段,龙虎岗,22,26,19
广州,所有时段,前哨队(广州市南沙区),21,29,40
广州,所有时段,起义烈士陵园,21,26,17
广州,所有时段,广州珠江公园,21,24,18
广州,所有时段,晓港公园,21,22,15
广州,所有时段,东山湖公园,20,23,24
广州,所有时段,火炉山森林公园-东北门,17,26,23
广州,所有时段,华南师范大学(广州校区石牌校园)文化广场,17,17,15
广州,所有时段,前哨队,16,21,37
广州,所有时段,十八涌(广州市南沙区),16,19,45
广州,所有时段,增城太子坑森林公园,16,19,47
广州,所有时段,海珠湿地公园,16,16,26
广州,所有时段,华南农业大学(天河区五山路483号),14,22,24
广州,所有时段,海珠湖公园,14,15,27
广州,所有时段,雕塑公园,14,14,18
广州,所有时段,珠江公园(广州市天河区金穗路900),13,18,25
广州,所有时段,增城能记家庭农场,13,14,38
广州,所有时段,烈士陵园,12,13,16
广州,所有时段,白云区金沙街道金钟岗,11,17,12
广州,所有时段,华南师范大学(广州校区石牌校园),11,11,12
广州,所有时段,大夫山森林公园,11,11,23
广州,所有时段,二十涌,10,11,26
广州,所有时段,广州华南植物园,10,11,25
广州,所有时段,起义烈士陵园(越秀区中山二路92号),10,11,19
广州,所有时段,黄山鲁森林公园-观景亭,10,11,19
广州,所有时段,广州南沙湿地公园,10,10,18
广州,所有时段,广州市天河区珠江公园,9,13,14
广州,所有时段,越秀公园(镇海路北200米),9,10,17
广州,所有时段,白云区雕塑公园(下塘西路西),9,9,18
广州,所有时段,石门国家森林公园,9,9,18
广州,所有时段,金沙洲浔峰岗生态公园,9,9,21
广州,所有时段,金沙洲浔峰山生态公园,8,21,19
广州,所有时段,贝岗湿地公园,8,11,18
广州,所有时段,广州南沙前哨队,8,9,68
广州,所有时段,火炉山荷花池,8,9,15
广州,所有时段,广州市海珠区的湿地公园,8,8,32
广州,所有时段,越秀区东风西流花湖公园榕岛东北(康王北路北),8,8,15
广州,所有时段,广州市增城区丝苗米省级现代农业产业园,7,15,37
广州,所有时段,南沙十九涌渔人码头,7,11,32
广州,所有时段,白水山森林公园,7,11,36
广州,所有时段,一帆水产四倍体鲫鱼苗种基地,7,10,31
广州,所有时段,大学城湾咀头湿地公园,7,7,26
广州,所有时段,天河区珠江公园(花城大道北),7,7,14
广州,所有时段,罗波头,7,7,61
广州,所有时段,盈翠公园和善坑顶公园,6,15,35
广州,所有时段,南沙区珠江街道仁隆围,6,8,19
广州,所有时段,中心湖公园,6,7,16
广州,所有时段,丹邱村(荔城大道),6,7,51
广州,所有时段,海珠湖(广州市海珠区新滘中路168号),6,6,28
广州,所有时段,石门森林公园,6,6,16
广州,所有时段,越秀区流花湖公园鹭岛东南50米(中展里南),6,6,19
广州,所有时段,广州火炉山,5,8,18
广州,所有时段,中山大学(广州校区东校园),5,6,17
广州,所有时段,南沙区一帆水产四倍体鲫鱼苗种基地,5,6,38
广州,所有时段,南沙区十七涌草场,5,6,19
广州,所有时段,子沙堂,5,6,20
广州,所有时段,龙新村(广州市增城区),5,6,35
广州,所有时段,二十涌海边,5,5,37
广州,所有时段,南沙渔港大道,5,5,48
广州,所有时段,增城能记家庭农场(增城区龙新村东南),5,5,23
广州,所有时段,增城能记家庭农场西南50米(东溪路北),5,5,22
广州,所有时段,天河区火炉山森林公园荷花池(火炉山北路西),5,5,15
广州,所有时段,广州南沙滨海湿地,5,5,42
广州,所有时段,广州市天河区华南植物园,5,5,16
广州,所有时段,广州海珠国家湿地公园(一期),5,5,24
广州,所有时段,洪奇门(广州市南沙区),5,5,30
广州,所有时段,流花湖公园-榕岛,5,5,15
广州,所有时段,长隆野生动物世界,5,5,6
广州,所有时段,广州流花湖公园,4,7,21
广州,所有时段,抱珠楼,4,6,13
广州,所有时段,中国科学院华南植物园(广州市天河区),4,5,23
广州,所有时段,流花湖公园(越秀区东风西路163号),4,5,12
广州,所有时段,东山湖公园(广州市越秀区东湖路123),4,4,6
广州,所有时段,云溪植物园,4,4,16
广州,所有时段,从化桂峰村,4,4,43
广州,所有时段,创业公园,4,4,18
广州,所有时段,华南国家植物园,4,4,17
广州,所有时段,华南师大 石牌,4,4,10
广州,所有时段,华南理工大学(广州国际校区),4,4,20
广州,所有时段,南沙十九涌(海翔路),4,4,31
广州,所有时段,南沙湿地公园-南沙十九涌,4,4,7
广州,所有时段,南沙湿地观鸟平台,4,4,30
广州,所有时段,墩岗(广州市增城区),4,4,12
广州,所有时段,天河区珠江公园(甲子路北),4,4,4
广州,所有时段,天河区珠江公园(金穗路南),4,4,8
广州,所有时段,天河区石牌华师附中游泳馆(中山大道西北),4,4,2
广州,所有时段,广州火炉山森林公园,4,4,7
广州,所有时段,流花湖公园-鹭岛,4,4,9
广州,所有时段,海鸥岛,4,4,57
广州,所有时段,越秀区流花湖公园鹭岛(中展里南),4,4,28
广州,所有时段,长洲岛,4,4,24
广州,所有时段,麓湖公园(广州市越秀区白云山麓湖景区),4,4,19
广州,所有时段,黄埔油麻山森林公园,3,7,30
广州,所有时段,上涌果树公园(海珠区新滘西路68号),3,4,12
广州,所有时段,南沙区珠江街道前哨队,3,4,13
广州,所有时段,大学城中心湖公园,3,4,11
广州,所有时段,广州市儿童公园,3,4,12
广州,所有时段,海珠国家湿地公园海珠湖,3,4,23
广州,所有时段,温泉宾馆白石山,3,4,11
广州,所有时段,罗波,3,4,37
广州,所有时段,香港科技大学(广州),3,4,21
广州,所有时段,中国科学院华南国家植物园(广州市天河区),3,3,27
广州,所有时段,从化温泉镇,3,3,6
广州,所有时段,十八涌,3,3,23
广州,所有时段,华南农业大学,3,3,10
广州,所有时段,南沙区一帆水产四倍体鲫鱼苗种基地西400米,3,3,34
广州,所有时段,南沙区万顷沙镇大沙,3,3,38
广州,所有时段,南沙区榄核镇子沙堂,3,3,15
广州,所有时段,南沙十九涌(广州市南沙区海翔路),3,3,36
广州,所有时段,南沙滨海公园,3,3,21
广州,所有时段,回归林(云山北路),3,3,16
广州,所有时段,增城丝苗米产业园水翁树,3,3,24
广州,所有时段,增城能记家庭农场(东溪路北),3,3,24
广州,所有时段,大沙河湿地,3,3,21
广州,所有时段,天河大观湿地公园,3,3,5
广州,所有时段,天鹿湖森林公园,3,3,15
广州,所有时段,广州动物园,3,3,8
广州,所有时段,广州医科大学(番禺校区),3,3,23
广州,所有时段,广州大学,3,3,23
广州,所有时段,广州天省实验学校,3,3,9
广州,所有时段,广州市增城区现代化农业基地,3,3,29
广州,所有时段,广州海珠国家湿地公园,3,3,22
广州,所有时段,暨南大学(石牌校区),3,3,7
广州,所有时段,永安二街三巷,3,3,14
广州,所有时段,汇彩路附近河涌,3,3,5
广州,所有时段,流溪河水库五指山三桠塘,3,3,22
广州,所有时段,海珠国家湿地公园,3,3,21
广州,所有时段,海珠湿地二期,3,3,31
广州,所有时段,湘湘草场,3,3,32
广州,所有时段,火炉山森林公园-荷花池,3,3,10
广州,所有时段,罗波头(广州市增城区),3,3,37
广州,所有时段,花城汇,3,3,15
广州,所有时段,花都湿地公园,3,3,10
广州,所有时段,蕉门公园-蕉门河景区,3,3,16
广州,所有时段,越秀区流花湖公园法兰克福花园西南(蓓蕾剧院西北),3,3,28
广州,所有时段,雕塑公园(广州市越秀区下塘西路545号),3,3,8
广州,所有时段,苏元山(广州市黄埔区),2,13,28
广州,所有时段,广州中医药大学(大学城校区),2,7,10
广州,所有时段,星河湾,2,7,13
广州,所有时段,东山湖公园-南门,2,4,12
广州,所有时段,南方医科大学,2,4,6
广州,所有时段,越秀山,2,4,7
广州,所有时段,广东实验中学,2,3,28
广州,所有时段,隆平院士港,2,3,13
广州,所有时段,万环西路与渔港大道交叉口(广州市南沙区),2,2,13
广州,所有时段,万顷沙镇南沙中老年养生保健街,2,2,22
广州,所有时段,中交第四航务工程局全民文化体育综合体项目经理部,2,2,20
广州,所有时段,中国民生银行(桃园东路),2,2,3
广州,所有时段,中新广州知识城九龙湖,2,2,12
广州,所有时段,中铁城建集团第二工程有限公司广州恒大文化旅游城工地,2,2,28
广州,所有时段,云山南路(广州市白云区),2,2,4
广州,所有时段,凤凰湖,2,2,10
广州,所有时段,十七涌,2,2,22
广州,所有时段,十八罗汉山森林公园,2,2,6
广州,所有时段,十四涌,2,2,2
广州,所有时段,华南农业大学-树木园,2,2,6
广州,所有时段,华南农业大学–树木园,2,2,9
广州,所有时段,华南农业大学树木园,2,2,6
广州,所有时段,华南师范大学,2,2,2
广州,所有时段,南沙19涌,2,2,5
广州,所有时段,南沙区榄核镇四沙,2,2,47
广州,所有时段,周岭坳-香雪环线,2,2,20
广州,所有时段,回归林西北(云山北路),2,2,10
广州,所有时段,增城区太子坑森林公园,2,2,23
广州,所有时段,增城区朱村街道新河,2,2,23
广州,所有时段,增城能记家庭农场东北50米(东溪路北),2,2,32
广州,所有时段,增城能记家庭农场西南300米,2,2,44
广州,所有时段,大山乸森林公园,2,2,20
广州,所有时段,太子坑森林公园,2,2,33
广州,所有时段,太子森林公园,2,2,19
广州,所有时段,子沙村,2,2,16
广州,所有时段,子沙村2队,2,2,25
广州,所有时段,宝成围,2,2,28
广州,所有时段,帽峰山森林公园,2,2,6
广州,所有时段,帽峰山（甜）,2,2,22
广州,所有时段,广东省博物馆,2,2,1
广州,所有时段,广州东山湖公园,2,2,12
广州,所有时段,广州中学(广州市天河区华美路68号附近),2,2,1
广州,所有时段,广州从吕山居,2,2,12
广州,所有时段,广州南沙湿地,2,2,20
广州,所有时段,广州大观湿地公园,2,2,12
广州,所有时段,广州天河体育中心,2,2,8
广州,所有时段,广州市牛路水库,2,2,9
广州,所有时段,广州市诚一水产养殖有限公司南沙基地,2,2,29
广州,所有时段,广州杨桃公园,2,2,1
广州,所有时段,广州海珠国家湿地公园+海珠湖,2,2,22
广州,所有时段,广州海珠国家湿地公园二期,2,2,29
广州,所有时段,广州白云湖公园,2,2,12
广州,所有时段,广州英豪学校,2,2,27
广州,所有时段,广州荔圃温泉酒店,2,2,10
广州,所有时段,慧谷公园,2,2,13
广州,所有时段,新港大道,2,2,29
广州,所有时段,暨南大学(广州石牌校区),2,2,9
广州,所有时段,朱村街丝苗米文化公园,2,2,31
广州,所有时段,朱村黄胸鹀调查6号线起点,2,2,22
广州,所有时段,桃花涧,2,2,11
广州,所有时段,流溪河国家森林公园,2,2,10
广州,所有时段,流花茶艺城(流花湖公园店),2,2,24
广州,所有时段,流花西苑,2,2,20
广州,所有时段,海珠区广州海珠国家湿地公园(二期),2,2,24
广州,所有时段,火炉山森林公园(广州市天河区岑村),2,2,9
广州,所有时段,火炉山森林公园休息平台东,2,2,11
广州,所有时段,火炉山森林公园荷花池,2,2,18
广州,所有时段,白云区金沙洲浔峰山生态公园(浔峰山东路北),2,2,6
广州,所有时段,白水寨风景名胜区,2,2,6
广州,所有时段,粤秀山,2,2,18
广州,所有时段,良口镇糖料村（广州国家版本馆）,2,2,7
广州,所有时段,花都湖公园,2,2,8
广州,所有时段,荔湾湖公园,2,2,17
广州,所有时段,蟹山公园,2,2,5
广州,所有时段,越秀区流花湖公园雅景园(西郊大厦南),2,2,21
广州,所有时段,長洲島,2,2,26
广州,所有时段,长洲岛.中山公园,2,2,4
广州,所有时段,长隆飞鸟乐园(广州市番禺区大石镇海堤路),2,2,10
广州,所有时段,雕塑公园(广州市白云区下塘西路545号),2,2,5
广州,所有时段,雕塑公园云道,2,2,1
广州,所有时段,高埔水库,2,2,33
广州,所有时段,鸡枕山,2,2,26
广州,所有时段,麓湖-星海园,2,2,22
广州,所有时段,麓湖公园内（大范围）,2,2,30
广州,所有时段,黄婆洞水库,2,2,4
广州,所有时段,龙洞筲箕窝,2,2,4
广州,所有时段,龙眼洞森林公园,2,2,23
广州,所有时段,番禺区石碁镇新涌,1,14,6
广州,所有时段,员村,1,12,10
广州,所有时段,番禺区广物奥迪广东粤奥汽车销售服务有限公司东,1,11,1
广州,所有时段,花城广场自留地,1,10,14
广州,所有时段,低涌[地铁站],1,9,16
广州,所有时段,广州亚运城,1,7,8
广州,所有时段,燕山(广州市黄埔区),1,7,11
广州,所有时段,番禺区石楼镇沙尾,1,6,12
广州,所有时段,广州市第五中学(同福东校区),1,5,13
广州,所有时段,越秀山(解放北路988号越秀公园内),1,5,15
广州,所有时段,金沙洲恒大绿洲江边公园,1,5,21
广州,所有时段,九龙湖度假区,1,4,23
广州,所有时段,增城区石滩镇塘头水库,1,4,34
广州,所有时段,天马河公园,1,4,3
广州,所有时段,江北休闲绿地,1,4,9
广州,所有时段,海珠区琶洲北岛创意园北(新港东路北),1,4,10
广州,所有时段,番禺区东沙村天桥甜蜜蜜草莓园(光明北路西),1,4,12
广州,所有时段,黄埔区长洲岛环岛绿道,1,4,10
广州,所有时段,三百洞村,1,3,27
广州,所有时段,二沙岛传祺公园,1,3,12
广州,所有时段,十九涌半,1,3,13
广州,所有时段,南沙区一帆水产四倍体鲫鱼苗种基地西南100米,1,3,22
广州,所有时段,南沙区领南星河荣誉(规划横一路西100米),1,3,13
广州,所有时段,增城区西境水库东100米,1,3,14
广州,所有时段,广州市白云区图书馆,1,3,8
广州,所有时段,广州融创乐园停车场-入口,1,3,11
广州,所有时段,梅花岭(广州市黄埔区),1,3,20
广州,所有时段,榄核镇,1,3,25
广州,所有时段,石牌新庆村花园,1,3,3
广州,所有时段,黄龙带水库,1,3,4
广州,所有时段,一帆水产十四涌基地,1,2,8
广州,所有时段,中国石油广州培训中心,1,2,6
广州,所有时段,五龙谷(广州市白云区),1,2,6
广州,所有时段,公坑顶,1,2,26
广州,所有时段,十九涌,1,2,13
广州,所有时段,十九涌湿地,1,2,20
广州,所有时段,十六涌草场,1,2,5
广州,所有时段,南沙区一帆水产四倍体鲫鱼苗种基地东南900米,1,2,27
广州,所有时段,南航广州产教融合实训基地,1,2,19
广州,所有时段,城启·逸蓝华庭(海珠区新民大街42),1,2,10
广州,所有时段,增埗公园,1,2,7
广州,所有时段,天人山水景区-大地艺术园,1,2,14
广州,所有时段,天河区龙逸山庄,1,2,10
广州,所有时段,太平洋网络大厦,1,2,8
广州,所有时段,安下围(福安一街),1,2,11
广州,所有时段,岭南新世界(白云区白云大道北1689号),1,2,7
广州,所有时段,广州中学(五山校区),1,2,26
广州,所有时段,广州医科大学附属第二医院,1,2,9
广州,所有时段,广州四季田园温泉度假村,1,2,18
广州,所有时段,广州市增城区小楼中学,1,2,10
广州,所有时段,广州市天河区车陂涌,1,2,20
广州,所有时段,广州市执信中学(天河校区),1,2,13
广州,所有时段,广州珠江帝景苑,1,2,1
广州,所有时段,广州科技职业技术大学(广州校区),1,2,11
广州,所有时段,暨南大学(番禺校区),1,2,8
广州,所有时段,浔峰岗生态公园,1,2,8
广州,所有时段,生物岛,1,2,13
广州,所有时段,番禺区石楼镇二围,1,2,13
广州,所有时段,白云山龙虎岗猛禽监测点,1,2,17
广州,所有时段,良口镇溪头村,1,2,30
广州,所有时段,花都区花山铜鼓坑公园(启源大道西50米),1,2,4
广州,所有时段,芳村地铁站(芳村大道),1,2,4
广州,所有时段,芳村远东御江豪庭(古祠路),1,2,4
广州,所有时段,越秀公园-越秀山,1,2,13
广州,所有时段,越秀区东山湖公园(沿江东路北),1,2,13
广州,所有时段,越秀区东湖珠江宾馆(寺右一马路南),1,2,12
广州,所有时段,金坑水库,1,2,20
广州,所有时段,陈田花园,1,2,14
广州,所有时段,黄埔区长岭街道岭头村,1,2,23
广州,所有时段,17号线起点,1,1,18
广州,所有时段,3号样线起点,1,1,13
广州,所有时段,5号样线起点,1,1,23
广州,所有时段,Captain東山,1,1,2
广州,所有时段,“佛山”石牌坊(广州市越秀区),1,1,5
广州,所有时段,一帆水产,1,1,31
广州,所有时段,一帆水产四倍体鲫鱼苗种基地东南142米,1,1,24
广州,所有时段,七星村,1,1,5
广州,所有时段,万顷十九渔人码头对面水闸街,1,1,29
广州,所有时段,万顷沙[地铁站],1,1,9
广州,所有时段,万顷沙镇,1,1,8
广州,所有时段,上罗村,1,1,19
广州,所有时段,下坑水库及附近,1,1,3
广州,所有时段,东圃美林湖畔花园绿道,1,1,8
广州,所有时段,东方文德广场,1,1,1
广州,所有时段,丝苗米省级现代农业产业园,1,1,23
广州,所有时段,中交二航局南沙全民文化体育综合体项目部北81米,1,1,17
广州,所有时段,中国人民解放军南部战区总医院,1,1,3
广州,所有时段,中国科学院-华南植物园(科研区),1,1,10
广州,所有时段,中国科学院华南国家植物园西门停车场,1,1,25
广州,所有时段,中国科学院广州生物医药与健康研究院,1,1,6
广州,所有时段,中山大学,1,1,14
广州,所有时段,中山大学(广州校区北校园),1,1,1
广州,所有时段,中山大学南校区,1,1,5
广州,所有时段,中山大道收费站(出口方向),1,1,1
广州,所有时段,中建三局南沙全民文化体育综合体项目部,1,1,12
广州,所有时段,丹枫廊桥,1,1,2
广州,所有时段,丹邱-深冚,1,1,31
广州,所有时段,丹邱村,1,1,38
广州,所有时段,丹邱村委会,1,1,11
广州,所有时段,丹邱村官田公园,1,1,34
广州,所有时段,义隆围,1,1,7
广州,所有时段,乌涌,1,1,11
广州,所有时段,乌石村,1,1,47
广州,所有时段,九龙湖风景区,1,1,11
广州,所有时段,二十涌海边(二十涌海边新港大道东50米),1,1,16
广州,所有时段,云台花园,1,1,2
广州,所有时段,云溪生态公园,1,1,4
广州,所有时段,云溪生态公园(白云大道南1038号),1,1,9
广州,所有时段,云萝植物园,1,1,5
广州,所有时段,五山,1,1,12
广州,所有时段,五羊雕像,1,1,1
广州,所有时段,京溪生态公园,1,1,9
广州,所有时段,亲水瀑布公园,1,1,22
广州,所有时段,人民公园,1,1,2
广州,所有时段,仁隆围,1,1,10
广州,所有时段,从化五指山景区,1,1,25
广州,所有时段,从化区吕田镇桂峰村,1,1,48
广州,所有时段,从化区太平镇马仔头,1,1,6
广州,所有时段,从化区温泉镇松园,1,1,4
广州,所有时段,从化区白石山(温泉西路六巷东),1,1,12
广州,所有时段,从化区石门国家森林公园(桃源路东200米),1,1,4
广州,所有时段,从化区良口镇桥头,1,1,12
广州,所有时段,从化溪头村+下溪村+鸡枕山,1,1,35
广州,所有时段,健康管理大楼,1,1,4
广州,所有时段,元贝(广州市黄埔区),1,1,12
广州,所有时段,光强盆景花木场,1,1,6
广州,所有时段,凤凰湖公园,1,1,14
广州,所有时段,创业公园(广州市黄埔区科学城水西路),1,1,20
广州,所有时段,创新公园(广州市黄埔区开源大道),1,1,9
广州,所有时段,十八涌鱼村,1,1,37
广州,所有时段,十六涌,1,1,19
广州,所有时段,千寻农庄·汘鲟窑鸡,1,1,3
广州,所有时段,华农大园林,1,1,7
广州,所有时段,华南农业大学-湿地公园,1,1,11
广州,所有时段,华南农业大学–试验田,1,1,10
广州,所有时段,华南国家植物园-l,1,1,21
广州,所有时段,华南国家植物园-兰园,1,1,1
广州,所有时段,华南师范大学(大学城校区),1,1,15
广州,所有时段,华南师范大学(广州校区大学城校园),1,1,14
广州,所有时段,华南师范大学(广州校区石牌校园)-图书馆,1,1,1
广州,所有时段,华南师范大学附属中学(天河路),1,1,4
广州,所有时段,华南植物园 华植,1,1,14
广州,所有时段,华南植物园-植树活动现场(生物园),1,1,15
广州,所有时段,华南理工大学(五山校区),1,1,15
广州,所有时段,华南理工大学(大学城校区),1,1,19
广州,所有时段,华南理工大学(大学城校区)琴湖,1,1,13
广州,所有时段,南方大厦,1,1,7
广州,所有时段,南沙区一帆水产四倍体鲫鱼苗种基地东200米,1,1,28
广州,所有时段,南沙区一帆水产四倍体鲫鱼苗种基地东北100米,1,1,15
广州,所有时段,南沙区一帆水产四倍体鲫鱼苗种基地东北150米,1,1,19
广州,所有时段,南沙区一帆水产四倍体鲫鱼苗种基地东南150米,1,1,4
广州,所有时段,南沙区万顷沙镇十六涌,1,1,11
广州,所有时段,南沙区万顷沙镇新港大道(南沙十九涌),1,1,12
广州,所有时段,南沙区中铁十七局集团南中高速TJ08标试验室东北,1,1,53
广州,所有时段,南沙区中铁十七局集团南中高速TJ08标试验室西南,1,1,10
广州,所有时段,南沙区侨益龙穴岛仓孖沙三涌,1,1,12
广州,所有时段,南沙区好运来荔枝采摘园东南50米,1,1,7
广州,所有时段,南沙区小虎岛,1,1,36
广州,所有时段,南沙区广东海事局广州海岸电台万顷沙基地西北400米,1,1,27
广州,所有时段,南沙区广深恒大国际旅游城展示中心东600米,1,1,23
广州,所有时段,南沙区明珠湾桥西南150米(新港大道西),1,1,3
广州,所有时段,南沙区榄核镇二靴口,1,1,9
广州,所有时段,南沙区滨海·水晶湾东南400米(广兴路西),1,1,11
广州,所有时段,南沙区滨海沙滩(海滨路南200米),1,1,4
广州,所有时段,南沙区珠江街道义隆围,1,1,12
广州,所有时段,南沙区珠江街道安南围,1,1,18
广州,所有时段,南沙区珠江街道宝成围,1,1,4
广州,所有时段,南沙区珠江街道怡安围,1,1,16
广州,所有时段,南沙区珠江街道新中和,1,1,2
广州,所有时段,南沙区珠江街道新华队,1,1,10
广州,所有时段,南沙区珠江街道福生围,1,1,6
广州,所有时段,南沙区界河桥站公交站东200米(鸡抱沙北路北),1,1,13
广州,所有时段,南沙区神秘果鱼塘南100米(G4W东),1,1,20
广州,所有时段,南沙区融通大厦东50米(蕉西路),1,1,13
广州,所有时段,南沙区黄阁镇莲溪村委会南(莲丰路南),1,1,7
广州,所有时段,南沙十九涌渔人码头(南沙区X298),1,1,13
广州,所有时段,南沙十九涌渔人码头(海翔路北),1,1,19
广州,所有时段,南沙十八涌,1,1,15
广州,所有时段,南沙天后宫,1,1,2
广州,所有时段,南沙水鸟世界生态园(新港大道东),1,1,5
广州,所有时段,南沙湿地(南沙联络线西),1,1,22
广州,所有时段,南沙湿地公园游客服务中心(新港大道东),1,1,9
广州,所有时段,南沙湿地及周,1,1,37
广州,所有时段,南沙湿地收费站(入口方向),1,1,1
广州,所有时段,南沙湿地观景台,1,1,5
广州,所有时段,南沙滨海绿道湿地公园,1,1,9
广州,所有时段,南沙街道黄山鲁,1,1,17
广州,所有时段,古田(广州市从化区),1,1,5
广州,所有时段,古荫帆影北码头(新滘南路龙潭村海珠湿地),1,1,7
广州,所有时段,合生极道水上运动综合体,1,1,11
广州,所有时段,启尚艺术园,1,1,12
广州,所有时段,周岭坳,1,1,13
广州,所有时段,回归林,1,1,16
广州,所有时段,国瑞花卉乐园,1,1,3
广州,所有时段,坦头村红树林科普长廊,1,1,10
广州,所有时段,塘仔农庄(从化区石门国家森林公园内),1,1,14
广州,所有时段,塘坑,1,1,1
广州,所有时段,增城区G324(朱村地铁站),1,1,30
广州,所有时段,增城区丹邱钓鱼场北50米,1,1,9
广州,所有时段,增城区大华东郡府(中川路),1,1,33
广州,所有时段,增城区朱村6号线,1,1,19
广州,所有时段,增城区朱村街丝苗米文化公园(西二新街),1,1,21
广州,所有时段,增城区朱村街道丹邱村钟屋,1,1,15
广州,所有时段,增城区朱村街道官田,1,1,23
广州,所有时段,增城区朱村街道新河村,1,1,23
广州,所有时段,增城区朱村街道西江岭,1,1,13
广州,所有时段,增城区民沣驾校(总校训练场),1,1,14
广州,所有时段,增城区白水山森林公园东北100米(Y393东),1,1,8
广州,所有时段,增城区石滩镇元洲村,1,1,14
广州,所有时段,增城区石滩镇新谢,1,1,16
广州,所有时段,增城文化公园景区-荔枝文化公园,1,1,9
广州,所有时段,增城能记家庭农场东150米(墩岗东北路北),1,1,35
广州,所有时段,增城能记家庭农场北422米,1,1,9
广州,所有时段,增城能记家庭农场北500米,1,1,19
广州,所有时段,增城能记家庭农场南300米,1,1,9
广州,所有时段,增城能记家庭农场西北200米,1,1,2
广州,所有时段,增城能记家庭农场西南100米,1,1,23
广州,所有时段,增埗公园(荔湾区福州路8号近富力桃园),1,1,5
广州,所有时段,增塘水库,1,1,14
广州,所有时段,壹心广奥车陂涌观鸟观测1号,1,1,18
广州,所有时段,大学城湾咀头湿地公园(大学城科普路),1,1,27
广州,所有时段,大山乸,1,1,3
广州,所有时段,大山乸森林公园-红山头路口,1,1,3
广州,所有时段,大岗,1,1,23
广州,所有时段,大岭头(广州市从化区),1,1,1
广州,所有时段,大敦村湾头,1,1,15
广州,所有时段,大湾区中央湿地公园,1,1,32
广州,所有时段,大湾区中央湿地公园南沙湿地公园停车场东南,1,1,4
广州,所有时段,大湾区文化体育中心,1,1,1
广州,所有时段,大观湿地公园2,1,1,10
广州,所有时段,大金钟水库,1,1,7
广州,所有时段,大镇岗,1,1,9
广州,所有时段,天河公园(天府路东300米),1,1,12
广州,所有时段,天河公园(广州市天河区中山大道270号),1,1,6
广州,所有时段,天河公园-西门,1,1,8
广州,所有时段,天河公园西门东150米(天府路东),1,1,7
广州,所有时段,天河公园锦鲤湖,1,1,13
广州,所有时段,天河区东圃壹鸽轩饭店门口河边,1,1,5
广州,所有时段,天河区东圃广州天河合景福朋喜来登酒店西(汇彩路西),1,1,1
广州,所有时段,天河区东圃美林湖畔花园东(桃园东路东),1,1,2
广州,所有时段,天河区中国科学院华南国家植物园(山茶路西50米),1,1,17
广州,所有时段,天河区中国科学院华南国家植物园(杜鹃路南),1,1,1
广州,所有时段,天河区五山广东省农业科学院北(金颖东二南街西),1,1,7
广州,所有时段,天河区五山广州天河岭南中英文学校(翰景街),1,1,2
广州,所有时段,天河区五山广州市银河革命公墓管理处(银定塘后街东),1,1,6
广州,所有时段,天河区休息平台(火炉山北路西),1,1,7
广州,所有时段,天河区冼村花城汇南区(广州图书馆西北),1,1,2
广州,所有时段,天河区启尚艺术园西南50米(凌塘村新庄北路西),1,1,6
广州,所有时段,天河区广州天河体育中心(天体环路东),1,1,4
广州,所有时段,天河区火炉山揽翠亭(火炉山南路北),1,1,3
广州,所有时段,天河区珠吉街道牛山,1,1,2
广州,所有时段,天河区珠江公园兴盛门,1,1,3
广州,所有时段,天湖水库,1,1,30
广州,所有时段,子沙围村,1,1,23
广州,所有时段,子沙圍村,1,1,11
广州,所有时段,子沙村2队(美紫街),1,1,4
广州,所有时段,子沙村2队南366米,1,1,27
广州,所有时段,孖髻岭(广州市白云区),1,1,5
广州,所有时段,安山村村民委员会,1,1,2
广州,所有时段,安广高新产业园,1,1,3
广州,所有时段,小楼镇第一中学,1,1,13
广州,所有时段,小白云山-增城区永宁,1,1,12
广州,所有时段,小虎沥,1,1,14
广州,所有时段,帽丰甜橙农庄,1,1,20
广州,所有时段,帽峰山森林公园-天湖,1,1,7
广州,所有时段,广东从化陈禾洞省级自然保护区管理处,1,1,9
广州,所有时段,广东从昇新能源科技有限公司,1,1,3
广州,所有时段,广东外语外贸大学南国商学院,1,1,9
广州,所有时段,广东太子森林公园,1,1,21
广州,所有时段,广东工业大学(东风路校区),1,1,1
广州,所有时段,广东工业大学(龙洞校区),1,1,6
广州,所有时段,广东生态工程职业学院(广汕一路297号),1,1,4
广州,所有时段,广东省地图院,1,1,5
广州,所有时段,广东省广州市南沙区凤凰大道,1,1,3
广州,所有时段,广东省广州市白云区国际路,1,1,13
广州,所有时段,广东省立中山图书馆,1,1,5
广州,所有时段,广东花都湖国家湿地公园,1,1,20
广州,所有时段,广州动物园南门,1,1,9
广州,所有时段,广州协和学校,1,1,12
广州,所有时段,广州国家现代农业产业科技创新中心,1,1,7
广州,所有时段,广州增城丝苗米稻田公园（9号线）,1,1,16
广州,所有时段,广州外国语学校附属学校,1,1,1
广州,所有时段,广州大学(黄埔校区)西北,1,1,1
广州,所有时段,广州大山里农业发展有限公司,1,1,5
广州,所有时段,广州奥体中心,1,1,3
广州,所有时段,广州市南沙区九比小学(安乐街),1,1,20
广州,所有时段,广州市增城区丝苗米稻田公园,1,1,16
广州,所有时段,广州市增城区太寺坑林场(广东太子森林公园)东南,1,1,17
广州,所有时段,广州市水生野生动物保护基地,1,1,6
广州,所有时段,广州市海心训练基地,1,1,1
广州,所有时段,广州市海珠湖公园,1,1,11
广州,所有时段,广州市第七十五中学(燕塘校区),1,1,3
广州,所有时段,广州市第二中学(科学城校区),1,1,1
广州,所有时段,广州市育才中学(西校区高中),1,1,3
广州,所有时段,广州市荔湾区青少年劳动技校(白云区),1,1,20
广州,所有时段,广州市车大元帅府,1,1,2
广州,所有时段,广州市野生动物救护中心,1,1,1
广州,所有时段,广州志愿者公园,1,1,6
广州,所有时段,广州文化公园,1,1,12
广州,所有时段,广州海珠国家湿地公园-二期,1,1,1
广州,所有时段,广州海珠国家湿地公园1期(龙潭南约万年东街四横街),1,1,2
广州,所有时段,广州润帛服饰工厂,1,1,1
广州,所有时段,广州番禺职业技术学院,1,1,10
广州,所有时段,广州碧桂园金叶子温泉度假酒店,1,1,10
广州,所有时段,广州科技职业技术大学(广州校区)北,1,1,22
广州,所有时段,广州美术学院(大学城校区)-南门,1,1,23
广州,所有时段,广州融创文旅城(广州市花都区曙光路东侧),1,1,1
广州,所有时段,广州越秀公园,1,1,5
广州,所有时段,广州长隆野生动物世界,1,1,3
广州,所有时段,广州黄埔君澜酒店,1,1,20
广州,所有时段,建泉自来水工程有限公司(广州市番禺区),1,1,9
广州,所有时段,摩云路,1,1,18
广州,所有时段,新塘万田生态公园,1,1,16
广州,所有时段,星汇国际大厦,1,1,1
广州,所有时段,晓港公园(广州市海珠区前进路146号),1,1,1
广州,所有时段,智汇PARK·棠下,1,1,33
广州,所有时段,朱村-能记家庭农场,1,1,30
广州,所有时段,朱村11号线,1,1,26
广州,所有时段,朱村街丝苗米文化公园（17号线）,1,1,16
广州,所有时段,朱村街丹邱村村民委员会,1,1,25
广州,所有时段,朱村街道,1,1,21
广州,所有时段,朱村黄胸鵐6号线起点,1,1,21
广州,所有时段,朱村黄胸鹀调查5号线起点,1,1,13
广州,所有时段,桂峰村广州市从化区,1,1,6
广州,所有时段,棣园,1,1,5
广州,所有时段,水墨园(广州市海珠区星岛环南路5号),1,1,12
广州,所有时段,流杯水库,1,1,23
广州,所有时段,流花湖公园-榕荫门,1,1,8
广州,所有时段,流花湖公园鹭岛正面观鸟位,1,1,9
广州,所有时段,浔峰山生态公园-东门,1,1,6
广州,所有时段,海心沙广场,1,1,1
广州,所有时段,海洋雅苑,1,1,6
广州,所有时段,海滨路,1,1,11
广州,所有时段,海珠区广州内港海事处南100米(新一街南),1,1,6
广州,所有时段,海珠区晓港沧海遗礁(东晓路西),1,1,2
广州,所有时段,海珠国家湿地公园-海珠湖,1,1,17
广州,所有时段,海珠湖(新滘中路与江海大道交叉口西南角),1,1,29
广州,所有时段,海珠湖观鸟岛东南150米(后滘西大街东),1,1,7
广州,所有时段,海珠湿地2期,1,1,27
广州,所有时段,海珠湿地三期-南门,1,1,4
广州,所有时段,海珠湿地上涌生态科学园,1,1,11
广州,所有时段,海珠湿地公园二期,1,1,22
广州,所有时段,海珠湿地公园内,1,1,18
广州,所有时段,海珠湿地国家公园,1,1,14
广州,所有时段,深涌右支涌碧道,1,1,5
广州,所有时段,清风半两·丝苗里(民宿酒店),1,1,6
广州,所有时段,渔港大道渔场,1,1,16
广州,所有时段,港头村古村落,1,1,14
广州,所有时段,滴水岩森林公园,1,1,5
广州,所有时段,瀑布清水农庄,1,1,12
广州,所有时段,火炉山,1,1,7
广州,所有时段,火炉山森林公园(火炉山南路),1,1,16
广州,所有时段,火炉山森林公园-南门,1,1,26
广州,所有时段,火炉山森林公园荷花池(广州市天河区),1,1,8
广州,所有时段,火炉山森林公园青年林东,1,1,1
广州,所有时段,火炉山森林公园鸡枕石,1,1,8
广州,所有时段,灵山七境,1,1,3
广州,所有时段,牛头山,1,1,9
广州,所有时段,牛角岭公园,1,1,1
广州,所有时段,王子山森林公园,1,1,10
广州,所有时段,珠江公园-西门,1,1,8
广州,所有时段,珠江公园——木兰园,1,1,17
广州,所有时段,瓦壶岗公园,1,1,12
广州,所有时段,甘竹山公园,1,1,3
广州,所有时段,番禺区东湖洲花园(雁洲路北),1,1,1
广州,所有时段,番禺区大石中学(海堤路南100米),1,1,3
广州,所有时段,番禺区石楼镇东滘,1,1,13
广州,所有时段,番禺区石楼镇东盛,1,1,3
广州,所有时段,番禺区石楼镇大六,1,1,2
广州,所有时段,番禺区钟村街道大夫山,1,1,3
广州,所有时段,番禺莲花山,1,1,8
广州,所有时段,白云中央湿地,1,1,7
广州,所有时段,白云区同和街道下坑,1,1,10
广州,所有时段,白云区孖髻岭西南50米(叠翠绿道西),1,1,1
广州,所有时段,白云区山园林局茶场东南100米(云山北路南),1,1,9
广州,所有时段,白云区山林富贵天酒店北50米(头陂虾钳中街东),1,1,10
广州,所有时段,白云区帽峰山森林公园,1,1,8
广州,所有时段,白云区拦河坝大桥东,1,1,10
广州,所有时段,白云区浔峰山东路(浔峰御金沙园),1,1,6
广州,所有时段,白云区浔峰阁,1,1,7
广州,所有时段,白云区罗冲围西村水厂西北100米(高桥路东二街东),1,1,7
广州,所有时段,白云区金沙洲浔峰山生态公园,1,1,7
广州,所有时段,白云启德康养院(养老院),1,1,9
广州,所有时段,白云山风景名胜区(摩云路),1,1,11
广州,所有时段,白云山风景名胜区-茶趣园,1,1,22
广州,所有时段,白云山风景名胜区-龙虎岗,1,1,11
广州,所有时段,白云山风景名胜区伍仙桥门,1,1,6
广州,所有时段,白云山风景名胜区华美麓湖高尔夫俱乐部,1,1,6
广州,所有时段,白云山风景名胜区山顶公园,1,1,1
广州,所有时段,白云山风景名胜区龙虎岗,1,1,18
广州,所有时段,白云湖公园,1,1,5
广州,所有时段,白江湖森林公园,1,1,1
广州,所有时段,白洞水库,1,1,13
广州,所有时段,石基村草围,1,1,18
广州,所有时段,石牙顶天坑,1,1,11
广州,所有时段,碧水湾,1,1,12
广州,所有时段,礼隆围,1,1,7
广州,所有时段,秀水村新围,1,1,3
广州,所有时段,穗方源南沙丝苗米产业园示范基地,1,1,14
广州,所有时段,罗裙,1,1,16
广州,所有时段,美林湖畔花园,1,1,1
广州,所有时段,翠竹园,1,1,12
广州,所有时段,聚芳园(越秀区麓湖公园麓湖路11号),1,1,3
广州,所有时段,腊圃村,1,1,16
广州,所有时段,艾米稻香小镇,1,1,20
广州,所有时段,芙蓉嶂,1,1,1
广州,所有时段,芙蓉嶂风景区,1,1,18
广州,所有时段,芙蓉省级旅游度假区,1,1,6
广州,所有时段,花城汇·中区,1,1,1
广州,所有时段,花都湖公园岭南园西北,1,1,11
广州,所有时段,茶趣园,1,1,2
广州,所有时段,荔湾区城启·荔港南湾(东海北路东),1,1,6
广州,所有时段,荔湾区增涉公园,1,1,9
广州,所有时段,荔湾区江北休闲绿地(增翠路西50米),1,1,2
广州,所有时段,荔湾区芳村万象购物街东南50米(庙前直街东),1,1,1
广州,所有时段,荔湾梁氏宗祠,1,1,2
广州,所有时段,荡胸亭(广州市白云区),1,1,7
广州,所有时段,蜜蜂世界詹氏蜜蜂世家,1,1,14
广州,所有时段,西安电子科技大学广州研究院西北(方贤路),1,1,1
广州,所有时段,西河古桥(广州市增城区福和三星村西河),1,1,21
广州,所有时段,贤江公园,1,1,5
广州,所有时段,越秀公园(越秀绿道北50米),1,1,1
广州,所有时段,越秀公园-南门,1,1,8
广州,所有时段,越秀区东山湖公园,1,1,15
广州,所有时段,越秀区东山湖公园(东湖路东),1,1,16
广州,所有时段,越秀区东山湖公园(大通路北),1,1,14
广州,所有时段,越秀区东风西广州市少年宫(司马街北),1,1,1
广州,所有时段,越秀区东风西流花湖公园(康王北路东150米),1,1,15
广州,所有时段,越秀区东风西流花湖公园(新桥直街北100米),1,1,7
广州,所有时段,越秀区东风西流花湖公园榕岛西50米(东风西路北),1,1,8
广州,所有时段,越秀区东风西流花湖公园西南门北(新桥直街北),1,1,6
广州,所有时段,越秀区广州博物馆(镇海楼展区),1,1,3
广州,所有时段,越秀区流花湖公园(康王北路北200米),1,1,17
广州,所有时段,越秀区流花湖公园蒲林广场西北50米(康王北路北),1,1,6
广州,所有时段,越秀区流花湖公园观鹭台南100米(流花路南),1,1,9
广州,所有时段,越秀区流花西郊大厦B座南(中展里南),1,1,1
广州,所有时段,越秀区流花西郊大厦B座南50米(中展里南),1,1,1
广州,所有时段,越秀区烈士陵园地铁站C口(中山三路北),1,1,2
广州,所有时段,越秀区黄花岗公园(团结路东150米),1,1,7
广州,所有时段,越秀区黄花岗公园史坚如先生祠(团结路东),1,1,7
广州,所有时段,达溪村,1,1,13
广州,所有时段,迳下村,1,1,5
广州,所有时段,金坑,1,1,6
广州,所有时段,钢筋配送中心,1,1,6
广州,所有时段,钢筋配送中心西南(渔港大道),1,1,12
广州,所有时段,银排岭公园,1,1,1
广州,所有时段,银林生态农场(广州市从化区银林村委附近),1,1,2
广州,所有时段,长岭植树公园,1,1,14
广州,所有时段,长洲岛(挞洲围街),1,1,11
广州,所有时段,阅山湖,1,1,4
广州,所有时段,阿婆六茶花谷,1,1,4
广州,所有时段,马仔山公园,1,1,3
广州,所有时段,马溪公园,1,1,5
广州,所有时段,高增村,1,1,1
广州,所有时段,鹭岛,1,1,3
广州,所有时段,麓湖,1,1,1
广州,所有时段,麓湖-鸿鹄楼,1,1,11
广州,所有时段,麓湖公园聚芳园,1,1,4
广州,所有时段,麓湖鸿鹄楼(越秀区簏湖公园聚芳园内),1,1,10
广州,所有时段,黄埔中心城区市民公园,1,1,21
广州,所有时段,黄埔公园,1,1,6
广州,所有时段,黄埔区九龙镇平岗,1,1,18
广州,所有时段,黄埔区南岗水闸,1,1,10
广州,所有时段,黄埔区发展公园(开达路西150米),1,1,16
广州,所有时段,黄埔区台一铜业(广州)有限公司,1,1,12
广州,所有时段,黄埔区富颐华庭T区(知贤大街北),1,1,5
广州,所有时段,黄埔区文冲街道公山,1,1,11
广州,所有时段,黄埔区新龙镇汤村,1,1,1
广州,所有时段,黄埔区狮山公园(狮山路西100米),1,1,4
广州,所有时段,黄埔区瓦壶岗公园(中山大道东南50米),1,1,3
广州,所有时段,黄埔区维也纳国际酒店(广州萝岗万达广场店),1,1,9
广州,所有时段,黄山鲁,1,1,6
广州,所有时段,黄山鲁森林公园-丽云亭,1,1,6
广州,所有时段,黄山鲁森林公园丽云亭,1,1,3
广州,所有时段,黄山鲁森林公园碧水廊,1,1,6
广州,所有时段,黄花岗公园,1,1,4
广州,所有时段,龙眼洞林场,1,1,11
广州,夏季,浔峰山生态公园,75,98,19
广州,夏季,珠江公园,51,64,15
广州,夏季,广州雕塑公园,30,32,16
广州,夏季,流花湖公园,25,25,27
广州,夏季,朱村,15,20,34
广州,夏季,前哨队(广州市南沙区),12,17,37
广州,夏季,中国科学院华南植物园,11,11,17
广州,夏季,中山大学(广州校区南校园),9,10,10
广州,夏季,火炉山森林公园,7,8,14
广州,夏季,麓湖公园(广州市越秀区),7,8,15
广州,夏季,白云山风景名胜区,7,7,12
广州,夏季,雕塑公园,6,6,14
广州,夏季,火炉山森林公园-东北门,5,7,13
广州,夏季,广州南沙前哨队,5,6,23
广州,夏季,广州海珠国家湿地公园(一期),5,5,24
广州,夏季,白石山,5,5,25
广州,夏季,广州市天河区珠江公园,4,6,14
广州,夏季,前哨队,4,4,24
广州,夏季,大夫山森林公园,4,4,9
广州,夏季,海珠湿地公园,4,4,19
广州,夏季,石门国家森林公园,4,4,12
广州,夏季,金沙洲浔峰岗生态公园,4,4,4
广州,夏季,越秀公园,3,5,18
广州,夏季,南沙区珠江街道仁隆围,3,4,19
广州,夏季,南沙区珠江街道前哨队,3,4,13
广州,夏季,南沙十九涌,3,4,21
广州,夏季,天河公园,3,3,5
广州,夏季,广州动物园,3,3,8
广州,夏季,白云区金沙街道金钟岗,3,3,9
广州,夏季,麓湖公园,3,3,18
广州,夏季,盈翠公园和善坑顶公园,2,3,24
广州,夏季,越秀山,2,3,7
广州,夏季,金沙洲浔峰山生态公园,2,3,10
广州,夏季,二十涌,2,2,15
广州,夏季,华南农业大学(天河区五山路483号),2,2,18
广州,夏季,南沙滨海公园,2,2,21
广州,夏季,宝成围,2,2,28
广州,夏季,帽峰山（甜）,2,2,22
广州,夏季,广州中学(广州市天河区华美路68号附近),2,2,1
广州,夏季,广州从吕山居,2,2,12
广州,夏季,广州起义烈士陵园,2,2,7
广州,夏季,慧谷公园,2,2,13
广州,夏季,流花湖公园(广州市越秀区东风西路163),2,2,18
广州,夏季,海鸥岛,2,2,9
广州,夏季,白云区金沙洲浔峰山生态公园(浔峰山东路北),2,2,6
广州,夏季,白云区雕塑公园(下塘西路西),2,2,2
广州,夏季,盈翠公园,2,2,13
广州,夏季,九龙湖度假区,1,4,23
广州,夏季,番禺区广物奥迪广东粤奥汽车销售服务有限公司东,1,4,1
广州,夏季,江北休闲绿地,1,3,9
广州,夏季,黄龙带水库,1,3,4
广州,夏季,城启·逸蓝华庭(海珠区新民大街42),1,2,10
广州,夏季,广州四季田园温泉度假村,1,2,18
广州,夏季,广州珠江公园,1,2,6
广州,夏季,石牌新庆村花园,1,2,3
广州,夏季,芳村远东御江豪庭(古祠路),1,2,4
广州,夏季,万顷沙镇,1,1,8
广州,夏季,下坑水库及附近,1,1,3
广州,夏季,东山湖公园,1,1,13
广州,夏季,东山湖公园-南门,1,1,12
广州,夏季,中国科学院华南国家植物园(广州市天河区),1,1,14
广州,夏季,中新广州知识城九龙湖,1,1,1
广州,夏季,九龙湖风景区,1,1,11
广州,夏季,云溪植物园,1,1,5
广州,夏季,五龙谷(广州市白云区),1,1,2
广州,夏季,京溪生态公园,1,1,9
广州,夏季,从化区温泉镇松园,1,1,4
广州,夏季,从化区良口镇桥头,1,1,12
广州,夏季,十四涌,1,1,2
广州,夏季,华农大园林,1,1,7
广州,夏季,华南农业大学,1,1,10
广州,夏季,华南国家植物园,1,1,7
广州,夏季,华南理工大学(广州国际校区),1,1,4
广州,夏季,南沙区珠江街道义隆围,1,1,12
广州,夏季,南沙区珠江街道安南围,1,1,18
广州,夏季,南沙区珠江街道宝成围,1,1,4
广州,夏季,南沙区珠江街道怡安围,1,1,16
广州,夏季,南沙区珠江街道新华队,1,1,10
广州,夏季,南沙天后宫,1,1,2
广州,夏季,南沙湿地,1,1,32
广州,夏季,古荫帆影北码头(新滘南路龙潭村海珠湿地),1,1,7
广州,夏季,国瑞花卉乐园,1,1,3
广州,夏季,坦头村红树林科普长廊,1,1,10
广州,夏季,塘仔农庄(从化区石门国家森林公园内),1,1,14
广州,夏季,增城区朱村街道西江岭,1,1,13
广州,夏季,增城区民沣驾校(总校训练场),1,1,14
广州,夏季,天河区珠江公园兴盛门,1,1,3
广州,夏季,天湖水库,1,1,30
广州,夏季,天鹿湖森林公园,1,1,3
广州,夏季,太子坑森林公园,1,1,33
广州,夏季,安下围(福安一街),1,1,4
广州,夏季,小虎沥,1,1,14
广州,夏季,帽峰山森林公园,1,1,6
广州,夏季,广东外语外贸大学南国商学院,1,1,9
广州,夏季,广东太子森林公园,1,1,21
广州,夏季,广东实验中学,1,1,28
广州,夏季,广东工业大学(东风路校区),1,1,1
广州,夏季,广东省博物馆,1,1,1
广州,夏季,广东省广州市白云区国际路,1,1,13
广州,夏季,广东省立中山图书馆,1,1,5
广州,夏季,广州东山湖公园,1,1,1
广州,夏季,广州华南植物园,1,1,15
广州,夏季,广州增城丝苗米稻田公园,1,1,2
广州,夏季,广州大学,1,1,8
广州,夏季,广州市天河区华南植物园,1,1,6
广州,夏季,广州市牛路水库,1,1,2
广州,夏季,广州市第七十五中学(燕塘校区),1,1,3
广州,夏季,广州志愿者公园,1,1,6
广州,夏季,广州海珠国家湿地公园,1,1,22
广州,夏季,广州火炉山,1,1,8
广州,夏季,广州火炉山森林公园,1,1,5
广州,夏季,抱珠楼,1,1,12
广州,夏季,星汇国际大厦,1,1,1
广州,夏季,星河湾,1,1,4
广州,夏季,暨南大学(石牌校区),1,1,7
广州,夏季,朱村街丝苗米文化公园,1,1,21
广州,夏季,梅花岭(广州市黄埔区),1,1,20
广州,夏季,棣园,1,1,5
广州,夏季,洪奇门,1,1,19
广州,夏季,流溪河水库五指山三桠塘,1,1,11
广州,夏季,流花湖公园(越秀区东风西路163号),1,1,3
广州,夏季,浔峰山生态公园-东门,1,1,6
广州,夏季,海珠区广州内港海事处南100米(新一街南),1,1,6
广州,夏季,海珠国家湿地公园,1,1,21
广州,夏季,海珠湖,1,1,7
广州,夏季,海珠湖公园,1,1,15
广州,夏季,海珠湿地二期,1,1,21
广州,夏季,湘湘草场,1,1,4
广州,夏季,火炉山森林公园青年林东,1,1,1
广州,夏季,火炉山荷花池,1,1,15
广州,夏季,灵山七境,1,1,3
广州,夏季,烈士陵园,1,1,8
广州,夏季,燕山(广州市黄埔区),1,1,11
广州,夏季,牛头山,1,1,9
广州,夏季,珠江公园(广州市天河区金穗路900),1,1,7
广州,夏季,甘竹山公园,1,1,3
广州,夏季,番禺区东湖洲花园(雁洲路北),1,1,1
广州,夏季,番禺区石楼镇东盛,1,1,3
广州,夏季,番禺区石楼镇二围,1,1,13
广州,夏季,番禺区石楼镇大六,1,1,2
广州,夏季,白云区孖髻岭西南50米(叠翠绿道西),1,1,1
广州,夏季,白云区金沙洲浔峰山生态公园,1,1,7
广州,夏季,白水山森林公园,1,1,4
广州,夏季,石门森林公园,1,1,8
广州,夏季,礼隆围,1,1,7
广州,夏季,罗波头,1,1,19
广州,夏季,聚芳园(越秀区麓湖公园麓湖路11号),1,1,3
广州,夏季,腊圃村,1,1,16
广州,夏季,花都湖公园,1,1,4
广州,夏季,花都湿地公园,1,1,2
广州,夏季,苏元山(广州市黄埔区),1,1,18
广州,夏季,荔湾区城启·荔港南湾(东海北路东),1,1,6
广州,夏季,荔湾区芳村万象购物街东南50米(庙前直街东),1,1,1
广州,夏季,荔湾湖公园,1,1,17
广州,夏季,贤江公园,1,1,5
广州,夏季,越秀公园-越秀山,1,1,11
广州,夏季,越秀区东风西广州市少年宫(司马街北),1,1,1
广州,夏季,越秀区东风西流花湖公园(康王北路东150米),1,1,15
广州,夏季,越秀区流花湖公园鹭岛东南50米(中展里南),1,1,9
广州,夏季,越秀山(解放北路988号越秀公园内),1,1,15
广州,夏季,金坑,1,1,6
广州,夏季,金沙洲恒大绿洲江边公园,1,1,21
广州,夏季,长岭植树公园,1,1,14
广州,夏季,长洲岛.中山公园,1,1,1
广州,夏季,雕塑公园云道,1,1,1
广州,夏季,鸡枕山,1,1,5
广州,夏季,鹭岛,1,1,3
广州,夏季,麓湖,1,1,1
广州,夏季,麓湖-星海园,1,1,22
广州,夏季,麓湖公园内（大范围）,1,1,30
广州,夏季,黄山鲁森林公园-丽云亭,1,1,6
广州,夏季,黄山鲁森林公园碧水廊,1,1,6
广州,夏季,龙洞筲箕窝,1,1,4
广州,夏季,龙眼洞林场,1,1,11
广州,秋季,浔峰山生态公园,182,354,33
广州,秋季,珠江公园,165,237,22
广州,秋季,广州起义烈士陵园,144,202,19
广州,秋季,朱村,127,181,51
广州,秋季,华南师范大学(石牌校区),106,116,19
广州,秋季,南沙十九涌,81,114,72
广州,秋季,流花湖公园,79,105,33
广州,秋季,广州雕塑公园,63,68,20
广州,秋季,白云山风景名胜区,60,112,38
广州,秋季,中山大学(广州校区南校园),55,115,25
广州,秋季,洪奇门,40,52,54
广州,秋季,火炉山森林公园,38,42,26
广州,秋季,广州市白云区龙虎岗,37,65,26
广州,秋季,越秀公园,33,46,25
广州,秋季,南沙湿地,31,34,53
广州,秋季,中国科学院华南植物园,25,50,51
广州,秋季,黄山鲁森林公园,25,42,34
广州,秋季,流花湖公园(广州市越秀区东风西路163),25,36,26
广州,秋季,天河公园,25,26,24
广州,秋季,麓湖公园(广州市越秀区),24,25,24
广州,秋季,华南师范大学(石牌校区)荷花湖,24,24,16
广州,秋季,广州起义烈士陵园(越秀区中山二路92号),22,27,20
广州,秋季,龙虎岗,22,26,19
广州,秋季,广州珠江公园,20,21,18
广州,秋季,海珠湖,19,21,23
广州,秋季,花城广场,19,21,6
广州,秋季,广州增城丝苗米稻田公园,17,24,38
广州,秋季,华南师范大学(广州校区石牌校园)文化广场,17,17,15
广州,秋季,麓湖公园,15,20,28
广州,秋季,十八涌(广州市南沙区),15,18,45
广州,秋季,增城太子坑森林公园,15,17,47
广州,秋季,华南农业大学(天河区五山路483号),13,20,24
广州,秋季,火炉山森林公园-东北门,12,18,23
广州,秋季,起义烈士陵园,12,15,15
广州,秋季,珠江公园(广州市天河区金穗路900),11,15,25
广州,秋季,华南师范大学(广州校区石牌校园),11,11,12
广州,秋季,晓港公园,11,11,15
广州,秋季,海珠湖公园,11,11,27
广州,秋季,白石山,11,11,20
广州,秋季,白云区金沙街道金钟岗,10,13,12
广州,秋季,黄山鲁森林公园-观景亭,10,11,19
广州,秋季,越秀公园(镇海路北200米),9,10,17
广州,秋季,海珠湿地公园,9,9,26
广州,秋季,前哨队,8,12,37
广州,秋季,增城能记家庭农场,8,8,30
广州,秋季,广州华南植物园,8,8,25
广州,秋季,广州市海珠区的湿地公园,8,8,32
广州,秋季,起义烈士陵园(越秀区中山二路92号),8,8,19
广州,秋季,一帆水产四倍体鲫鱼苗种基地,7,10,31
广州,秋季,烈士陵园,7,8,8
广州,秋季,前哨队(广州市南沙区),7,7,27
广州,秋季,大学城湾咀头湿地公园,7,7,26
广州,秋季,天河区珠江公园(花城大道北),7,7,14
广州,秋季,广州南沙湿地公园,7,7,18
广州,秋季,金沙洲浔峰山生态公园,6,15,16
广州,秋季,广州市增城区丝苗米省级现代农业产业园,6,13,37
广州,秋季,广州市天河区珠江公园,6,7,12
广州,秋季,盈翠公园,6,6,24
广州,秋季,南沙十九涌渔人码头,5,9,32
广州,秋季,盈翠公园和善坑顶公园,5,9,35
广州,秋季,东山湖公园,5,8,24
广州,秋季,广州火炉山,5,7,18
广州,秋季,南沙区一帆水产四倍体鲫鱼苗种基地,5,6,38
广州,秋季,南沙区十七涌草场,5,6,19
广州,秋季,贝岗湿地公园,5,6,18
广州,秋季,大夫山森林公园,5,5,23
广州,秋季,广州南沙滨海湿地,5,5,42
广州,秋季,洪奇门(广州市南沙区),5,5,30
广州,秋季,火炉山荷花池,5,5,14
广州,秋季,白云区雕塑公园(下塘西路西),5,5,18
广州,秋季,丹邱村(荔城大道),4,5,51
广州,秋季,抱珠楼,4,5,13
广州,秋季,从化桂峰村,4,4,43
广州,秋季,创业公园,4,4,18
广州,秋季,华南师大 石牌,4,4,10
广州,秋季,南沙湿地观鸟平台,4,4,30
广州,秋季,增城能记家庭农场(增城区龙新村东南),4,4,23
广州,秋季,增城能记家庭农场西南50米(东溪路北),4,4,22
广州,秋季,墩岗(广州市增城区),4,4,12
广州,秋季,天河区火炉山森林公园荷花池(火炉山北路西),4,4,15
广州,秋季,天河区珠江公园(甲子路北),4,4,4
广州,秋季,天河区珠江公园(金穗路南),4,4,8
广州,秋季,天河区石牌华师附中游泳馆(中山大道西北),4,4,2
广州,秋季,海珠湖(广州市海珠区新滘中路168号),4,4,28
广州,秋季,石门国家森林公园,4,4,12
广州,秋季,石门森林公园,4,4,16
广州,秋季,越秀区流花湖公园鹭岛东南50米(中展里南),4,4,12
广州,秋季,金沙洲浔峰岗生态公园,4,4,14
广州,秋季,雕塑公园,4,4,18
广州,秋季,白水山森林公园,3,7,36
广州,秋季,黄埔油麻山森林公园,3,5,30
广州,秋季,中国科学院华南植物园(广州市天河区),3,4,23
广州,秋季,海珠国家湿地公园海珠湖,3,4,23
广州,秋季,温泉宾馆白石山,3,4,11
广州,秋季,中山大学(广州校区东校园),3,3,17
广州,秋季,十八涌,3,3,23
广州,秋季,南沙区一帆水产四倍体鲫鱼苗种基地西400米,3,3,34
广州,秋季,南沙区万顷沙镇大沙,3,3,38
广州,秋季,南沙十九涌(海翔路),3,3,31
广州,秋季,南沙渔港大道,3,3,12
广州,秋季,南沙湿地公园-南沙十九涌,3,3,5
广州,秋季,增城能记家庭农场(东溪路北),3,3,24
广州,秋季,大沙河湿地,3,3,21
广州,秋季,天河大观湿地公园,3,3,5
广州,秋季,广州医科大学(番禺校区),3,3,23
广州,秋季,广州市增城区现代化农业基地,3,3,29
广州,秋季,流花湖公园-鹭岛,3,3,9
广州,秋季,罗波头,3,3,28
广州,秋季,越秀区流花湖公园法兰克福花园西南(蓓蕾剧院西北),3,3,28
广州,秋季,长隆野生动物世界,3,3,6
广州,秋季,雕塑公园(广州市越秀区下塘西路545号),3,3,8
广州,秋季,麓湖公园(广州市越秀区白云山麓湖景区),3,3,10
广州,秋季,苏元山(广州市黄埔区),2,12,28
广州,秋季,广州中医药大学(大学城校区),2,5,10
广州,秋季,星河湾,2,5,13
广州,秋季,大学城中心湖公园,2,3,7
广州,秋季,流花湖公园(越秀区东风西路163号),2,3,11
广州,秋季,香港科技大学(广州),2,3,21
广州,秋季,万环西路与渔港大道交叉口(广州市南沙区),2,2,13
广州,秋季,万顷沙镇南沙中老年养生保健街,2,2,22
广州,秋季,上涌果树公园(海珠区新滘西路68号),2,2,6
广州,秋季,东山湖公园(广州市越秀区东湖路123),2,2,6
广州,秋季,中国科学院华南国家植物园(广州市天河区),2,2,27
广州,秋季,中心湖公园,2,2,12
广州,秋季,中铁城建集团第二工程有限公司广州恒大文化旅游城工地,2,2,28
广州,秋季,二十涌,2,2,25
广州,秋季,二十涌海边,2,2,24
广州,秋季,从化温泉镇,2,2,5
广州,秋季,凤凰湖,2,2,10
广州,秋季,十七涌,2,2,22
广州,秋季,华南农业大学,2,2,10
广州,秋季,华南农业大学-树木园,2,2,6
广州,秋季,华南农业大学–树木园,2,2,9
广州,秋季,华南师范大学,2,2,2
广州,秋季,南沙19涌,2,2,5
广州,秋季,南沙区榄核镇子沙堂,2,2,15
广州,秋季,南沙十九涌(广州市南沙区海翔路),2,2,28
广州,秋季,周岭坳-香雪环线,2,2,20
广州,秋季,增城丝苗米产业园水翁树,2,2,11
广州,秋季,增城区太子坑森林公园,2,2,23
广州,秋季,增城能记家庭农场东北50米(东溪路北),2,2,32
广州,秋季,大山乸森林公园,2,2,20
广州,秋季,太子森林公园,2,2,19
广州,秋季,广州南沙湿地,2,2,20
广州,秋季,广州大学,2,2,23
广州,秋季,广州大观湿地公园,2,2,12
广州,秋季,广州天河体育中心,2,2,8
广州,秋季,广州天省实验学校,2,2,9
广州,秋季,广州海珠国家湿地公园,2,2,12
广州,秋季,广州海珠国家湿地公园二期,2,2,29
广州,秋季,广州火炉山森林公园,2,2,7
广州,秋季,广州白云湖公园,2,2,12
广州,秋季,广州英豪学校,2,2,27
广州,秋季,暨南大学(广州石牌校区),2,2,9
广州,秋季,暨南大学(石牌校区),2,2,1
广州,秋季,朱村黄胸鹀调查6号线起点,2,2,22
广州,秋季,流溪河水库五指山三桠塘,2,2,22
广州,秋季,流花湖公园-榕岛,2,2,15
广州,秋季,流花茶艺城(流花湖公园店),2,2,24
广州,秋季,流花西苑,2,2,20
广州,秋季,海珠国家湿地公园,2,2,20
广州,秋季,海珠湿地二期,2,2,31
广州,秋季,湘湘草场,2,2,32
广州,秋季,火炉山森林公园(广州市天河区岑村),2,2,9
广州,秋季,火炉山森林公园-荷花池,2,2,10
广州,秋季,火炉山森林公园休息平台东,2,2,11
广州,秋季,火炉山森林公园荷花池,2,2,18
广州,秋季,粤秀山,2,2,18
广州,秋季,花城汇,2,2,15
广州,秋季,花都湿地公园,2,2,10
广州,秋季,越秀区流花湖公园鹭岛(中展里南),2,2,8
广州,秋季,长隆飞鸟乐园(广州市番禺区大石镇海堤路),2,2,10
广州,秋季,雕塑公园(广州市白云区下塘西路545号),2,2,5
广州,秋季,番禺区石碁镇新涌,1,14,6
广州,秋季,低涌[地铁站],1,9,16
广州,秋季,员村,1,9,10
广州,秋季,番禺区广物奥迪广东粤奥汽车销售服务有限公司东,1,7,1
广州,秋季,番禺区石楼镇沙尾,1,6,12
广州,秋季,花城广场自留地,1,6,14
广州,秋季,广州市第五中学(同福东校区),1,4,13
广州,秋季,燕山(广州市黄埔区),1,4,11
广州,秋季,番禺区东沙村天桥甜蜜蜜草莓园(光明北路西),1,4,12
广州,秋季,越秀山(解放北路988号越秀公园内),1,4,13
广州,秋季,二沙岛传祺公园,1,3,12
广州,秋季,南沙区一帆水产四倍体鲫鱼苗种基地西南100米,1,3,22
广州,秋季,广州市白云区图书馆,1,3,8
广州,秋季,金沙洲恒大绿洲江边公园,1,3,17
广州,秋季,一帆水产十四涌基地,1,2,8
广州,秋季,中国石油广州培训中心,1,2,6
广州,秋季,公坑顶,1,2,26
广州,秋季,十九涌,1,2,13
广州,秋季,十九涌半,1,2,13
广州,秋季,十六涌草场,1,2,5
广州,秋季,南方医科大学,1,2,5
广州,秋季,南沙区一帆水产四倍体鲫鱼苗种基地东南900米,1,2,27
广州,秋季,南沙区领南星河荣誉(规划横一路西100米),1,2,13
广州,秋季,天人山水景区-大地艺术园,1,2,14
广州,秋季,太平洋网络大厦,1,2,8
广州,秋季,子沙堂,1,2,11
广州,秋季,岭南新世界(白云区白云大道北1689号),1,2,7
广州,秋季,广东实验中学,1,2,18
广州,秋季,广州中学(五山校区),1,2,26
广州,秋季,广州市儿童公园,1,2,12
广州,秋季,广州市天河区车陂涌,1,2,20
广州,秋季,广州流花湖公园,1,2,2
广州,秋季,广州融创乐园停车场-入口,1,2,8
广州,秋季,梅花岭(广州市黄埔区),1,2,18
广州,秋季,浔峰岗生态公园,1,2,8
广州,秋季,海珠区琶洲北岛创意园北(新港东路北),1,2,8
广州,秋季,生物岛,1,2,13
广州,秋季,白云山龙虎岗猛禽监测点,1,2,17
广州,秋季,良口镇溪头村,1,2,30
广州,秋季,花都区花山铜鼓坑公园(启源大道西50米),1,2,4
广州,秋季,芳村地铁站(芳村大道),1,2,4
广州,秋季,越秀区东山湖公园(沿江东路北),1,2,13
广州,秋季,金坑水库,1,2,20
广州,秋季,陈田花园,1,2,14
广州,秋季,17号线起点,1,1,18
广州,秋季,3号样线起点,1,1,13
广州,秋季,5号样线起点,1,1,23
广州,秋季,“佛山”石牌坊(广州市越秀区),1,1,5
广州,秋季,一帆水产,1,1,31
广州,秋季,一帆水产四倍体鲫鱼苗种基地东南142米,1,1,24
广州,秋季,七星村,1,1,5
广州,秋季,万顷十九渔人码头对面水闸街,1,1,29
广州,秋季,东方文德广场,1,1,1
广州,秋季,丝苗米省级现代农业产业园,1,1,23
广州,秋季,中交二航局南沙全民文化体育综合体项目部北81米,1,1,17
广州,秋季,中国科学院华南国家植物园西门停车场,1,1,25
广州,秋季,中国科学院广州生物医药与健康研究院,1,1,6
广州,秋季,中山大学,1,1,14
广州,秋季,中山大学(广州校区北校园),1,1,1
广州,秋季,中山大学南校区,1,1,5
广州,秋季,中山大道收费站(出口方向),1,1,1
广州,秋季,中建三局南沙全民文化体育综合体项目部,1,1,12
广州,秋季,中新广州知识城九龙湖,1,1,12
广州,秋季,丹邱-深冚,1,1,31
广州,秋季,丹邱村,1,1,38
广州,秋季,丹邱村委会,1,1,11
广州,秋季,义隆围,1,1,7
广州,秋季,乌涌,1,1,11
广州,秋季,乌石村,1,1,47
广州,秋季,云台花园,1,1,2
广州,秋季,云山南路(广州市白云区),1,1,4
广州,秋季,云溪生态公园,1,1,4
广州,秋季,云溪生态公园(白云大道南1038号),1,1,9
广州,秋季,五羊雕像,1,1,1
广州,秋季,五龙谷(广州市白云区),1,1,6
广州,秋季,从化五指山景区,1,1,25
广州,秋季,从化区石门国家森林公园(桃源路东200米),1,1,4
广州,秋季,从化溪头村+下溪村+鸡枕山,1,1,35
广州,秋季,健康管理大楼,1,1,4
广州,秋季,元贝(广州市黄埔区),1,1,12
广州,秋季,十九涌湿地,1,1,17
广州,秋季,十八涌鱼村,1,1,37
广州,秋季,十八罗汉山森林公园,1,1,4
广州,秋季,十六涌,1,1,19
广州,秋季,十四涌,1,1,1
广州,秋季,千寻农庄·汘鲟窑鸡,1,1,3
广州,秋季,华南农业大学树木园,1,1,5
广州,秋季,华南国家植物园-兰园,1,1,1
广州,秋季,华南师范大学(广州校区石牌校园)-图书馆,1,1,1
广州,秋季,华南师范大学附属中学(天河路),1,1,4
广州,秋季,华南植物园 华植,1,1,14
广州,秋季,华南植物园-植树活动现场(生物园),1,1,15
广州,秋季,华南理工大学(五山校区),1,1,15
广州,秋季,华南理工大学(大学城校区)琴湖,1,1,13
广州,秋季,华南理工大学(广州国际校区),1,1,6
广州,秋季,南方大厦,1,1,7
广州,秋季,南沙区一帆水产四倍体鲫鱼苗种基地东200米,1,1,28
广州,秋季,南沙区一帆水产四倍体鲫鱼苗种基地东北100米,1,1,15
广州,秋季,南沙区一帆水产四倍体鲫鱼苗种基地东北150米,1,1,19
广州,秋季,南沙区一帆水产四倍体鲫鱼苗种基地东南150米,1,1,4
广州,秋季,南沙区万顷沙镇十六涌,1,1,11
广州,秋季,南沙区万顷沙镇新港大道(南沙十九涌),1,1,12
广州,秋季,南沙区中铁十七局集团南中高速TJ08标试验室东北,1,1,53
广州,秋季,南沙区中铁十七局集团南中高速TJ08标试验室西南,1,1,10
广州,秋季,南沙区好运来荔枝采摘园东南50米,1,1,7
广州,秋季,南沙区小虎岛,1,1,36
广州,秋季,南沙区广深恒大国际旅游城展示中心东600米,1,1,23
广州,秋季,南沙区明珠湾桥西南150米(新港大道西),1,1,3
广州,秋季,南沙区榄核镇二靴口,1,1,9
广州,秋季,南沙区滨海·水晶湾东南400米(广兴路西),1,1,11
广州,秋季,南沙区滨海沙滩(海滨路南200米),1,1,4
广州,秋季,南沙区珠江街道仁隆围,1,1,16
广州,秋季,南沙区珠江街道福生围,1,1,6
广州,秋季,南沙区神秘果鱼塘南100米(G4W东),1,1,20
广州,秋季,南沙区融通大厦东50米(蕉西路),1,1,13
广州,秋季,南沙区黄阁镇莲溪村委会南(莲丰路南),1,1,7
广州,秋季,南沙十九涌渔人码头(南沙区X298),1,1,13
广州,秋季,南沙十九涌渔人码头(海翔路北),1,1,19
广州,秋季,南沙十八涌,1,1,15
广州,秋季,南沙水鸟世界生态园(新港大道东),1,1,5
广州,秋季,南沙湿地(南沙联络线西),1,1,22
广州,秋季,南沙湿地及周,1,1,37
广州,秋季,南沙湿地观景台,1,1,5
广州,秋季,南沙滨海公园,1,1,9
广州,秋季,南沙滨海绿道湿地公园,1,1,9
广州,秋季,南沙街道黄山鲁,1,1,17
广州,秋季,南航广州产教融合实训基地,1,1,12
广州,秋季,古田(广州市从化区),1,1,5
广州,秋季,合生极道水上运动综合体,1,1,11
广州,秋季,周岭坳,1,1,13
广州,秋季,回归林,1,1,16
广州,秋季,塘坑,1,1,1
广州,秋季,增城区丹邱钓鱼场北50米,1,1,9
广州,秋季,增城区大华东郡府(中川路),1,1,33
广州,秋季,增城区朱村6号线,1,1,19
广州,秋季,增城区朱村街丝苗米文化公园(西二新街),1,1,21
广州,秋季,增城区朱村街道新河,1,1,23
广州,秋季,增城区朱村街道新河村,1,1,23
广州,秋季,增城区白水山森林公园东北100米(Y393东),1,1,8
广州,秋季,增城区石滩镇元洲村,1,1,14
广州,秋季,增城区石滩镇塘头水库,1,1,34
广州,秋季,增城能记家庭农场北422米,1,1,9
广州,秋季,增城能记家庭农场北500米,1,1,19
广州,秋季,增城能记家庭农场南300米,1,1,9
广州,秋季,增城能记家庭农场西北200米,1,1,2
广州,秋季,增城能记家庭农场西南100米,1,1,23
广州,秋季,增城能记家庭农场西南300米,1,1,6
广州,秋季,增埗公园(荔湾区福州路8号近富力桃园),1,1,5
广州,秋季,壹心广奥车陂涌观鸟观测1号,1,1,18
广州,秋季,大学城湾咀头湿地公园(大学城科普路),1,1,27
广州,秋季,大山乸,1,1,3
广州,秋季,大山乸森林公园-红山头路口,1,1,3
广州,秋季,大岗,1,1,23
广州,秋季,大湾区中央湿地公园南沙湿地公园停车场东南,1,1,4
广州,秋季,大湾区文化体育中心,1,1,1
广州,秋季,大观湿地公园2,1,1,10
广州,秋季,大金钟水库,1,1,7
广州,秋季,大镇岗,1,1,9
广州,秋季,天河公园(天府路东300米),1,1,12
广州,秋季,天河公园(广州市天河区中山大道270号),1,1,6
广州,秋季,天河公园-西门,1,1,8
广州,秋季,天河公园锦鲤湖,1,1,13
广州,秋季,天河区中国科学院华南国家植物园(山茶路西50米),1,1,17
广州,秋季,天河区五山广州天河岭南中英文学校(翰景街),1,1,2
广州,秋季,天河区休息平台(火炉山北路西),1,1,7
广州,秋季,天河区启尚艺术园西南50米(凌塘村新庄北路西),1,1,6
广州,秋季,天河区珠吉街道牛山,1,1,2
广州,秋季,天鹿湖森林公园,1,1,3
广州,秋季,太子坑森林公园,1,1,10
广州,秋季,子沙围村,1,1,23
广州,秋季,子沙圍村,1,1,11
广州,秋季,子沙村,1,1,12
广州,秋季,子沙村2队,1,1,20
广州,秋季,孖髻岭(广州市白云区),1,1,5
广州,秋季,安下围(福安一街),1,1,11
广州,秋季,安山村村民委员会,1,1,2
广州,秋季,安广高新产业园,1,1,3
广州,秋季,小白云山-增城区永宁,1,1,12
广州,秋季,帽丰甜橙农庄,1,1,20
广州,秋季,帽峰山森林公园,1,1,4
广州,秋季,帽峰山森林公园-天湖,1,1,7
广州,秋季,广东从昇新能源科技有限公司,1,1,3
广州,秋季,广东工业大学(龙洞校区),1,1,6
广州,秋季,广东生态工程职业学院(广汕一路297号),1,1,4
广州,秋季,广东省博物馆,1,1,1
广州,秋季,广东省广州市南沙区凤凰大道,1,1,3
广州,秋季,广州动物园南门,1,1,9
广州,秋季,广州医科大学附属第二医院,1,1,8
广州,秋季,广州协和学校,1,1,12
广州,秋季,广州南沙前哨队,1,1,68
广州,秋季,广州增城丝苗米稻田公园（9号线）,1,1,16
广州,秋季,广州外国语学校附属学校,1,1,1
广州,秋季,广州大学(黄埔校区)西北,1,1,1
广州,秋季,广州大山里农业发展有限公司,1,1,5
广州,秋季,广州市增城区丝苗米稻田公园,1,1,16
广州,秋季,广州市增城区太寺坑林场(广东太子森林公园)东南,1,1,17
广州,秋季,广州市增城区小楼中学,1,1,3
广州,秋季,广州市天河区华南植物园,1,1,5
广州,秋季,广州市执信中学(天河校区),1,1,13
广州,秋季,广州市海心训练基地,1,1,1
广州,秋季,广州市海珠湖公园,1,1,11
广州,秋季,广州市牛路水库,1,1,9
广州,秋季,广州市第二中学(科学城校区),1,1,1
广州,秋季,广州市育才中学(西校区高中),1,1,3
广州,秋季,广州市荔湾区青少年劳动技校(白云区),1,1,20
广州,秋季,广州市诚一水产养殖有限公司南沙基地,1,1,29
广州,秋季,广州市车大元帅府,1,1,2
广州,秋季,广州文化公园,1,1,12
广州,秋季,广州海珠国家湿地公园+海珠湖,1,1,6
广州,秋季,广州海珠国家湿地公园-二期,1,1,1
广州,秋季,广州润帛服饰工厂,1,1,1
广州,秋季,广州珠江帝景苑,1,1,1
广州,秋季,广州番禺职业技术学院,1,1,10
广州,秋季,广州美术学院(大学城校区)-南门,1,1,23
广州,秋季,广州荔圃温泉酒店,1,1,2
广州,秋季,广州融创文旅城(广州市花都区曙光路东侧),1,1,1
广州,秋季,广州长隆野生动物世界,1,1,3
广州,秋季,广州黄埔君澜酒店,1,1,20
广州,秋季,建泉自来水工程有限公司(广州市番禺区),1,1,9
广州,秋季,摩云路,1,1,18
广州,秋季,新塘万田生态公园,1,1,16
广州,秋季,新港大道,1,1,29
广州,秋季,朱村街丝苗米文化公园（17号线）,1,1,16
广州,秋季,朱村街道,1,1,21
广州,秋季,朱村黄胸鵐6号线起点,1,1,21
广州,秋季,朱村黄胸鹀调查5号线起点,1,1,13
广州,秋季,桂峰村广州市从化区,1,1,6
广州,秋季,桃花涧,1,1,4
广州,秋季,江北休闲绿地,1,1,8
广州,秋季,流花湖公园-榕荫门,1,1,8
广州,秋季,流花湖公园鹭岛正面观鸟位,1,1,9
广州,秋季,海心沙广场,1,1,1
广州,秋季,海洋雅苑,1,1,6
广州,秋季,海滨路,1,1,11
广州,秋季,海珠区广州海珠国家湿地公园(二期),1,1,24
广州,秋季,海珠区晓港沧海遗礁(东晓路西),1,1,2
广州,秋季,海珠国家湿地公园-海珠湖,1,1,17
广州,秋季,海珠湖(新滘中路与江海大道交叉口西南角),1,1,29
广州,秋季,海珠湿地2期,1,1,27
广州,秋季,海珠湿地三期-南门,1,1,4
广州,秋季,海珠湿地上涌生态科学园,1,1,11
广州,秋季,海珠湿地公园二期,1,1,22
广州,秋季,海珠湿地公园内,1,1,18
广州,秋季,海珠湿地国家公园,1,1,14
广州,秋季,海鸥岛,1,1,25
广州,秋季,清风半两·丝苗里(民宿酒店),1,1,6
广州,秋季,渔港大道渔场,1,1,16
广州,秋季,港头村古村落,1,1,14
广州,秋季,瀑布清水农庄,1,1,12
广州,秋季,火炉山,1,1,7
广州,秋季,火炉山森林公园(火炉山南路),1,1,16
广州,秋季,火炉山森林公园-南门,1,1,26
广州,秋季,火炉山森林公园荷花池(广州市天河区),1,1,8
广州,秋季,火炉山森林公园鸡枕石,1,1,8
广州,秋季,王子山森林公园,1,1,10
广州,秋季,珠江公园-西门,1,1,8
广州,秋季,珠江公园——木兰园,1,1,17
广州,秋季,瓦壶岗公园,1,1,12
广州,秋季,番禺区石楼镇二围,1,1,1
广州,秋季,番禺莲花山,1,1,8
广州,秋季,白云中央湿地,1,1,7
广州,秋季,白云区同和街道下坑,1,1,10
广州,秋季,白云区山园林局茶场东南100米(云山北路南),1,1,9
广州,秋季,白云区山林富贵天酒店北50米(头陂虾钳中街东),1,1,10
广州,秋季,白云区帽峰山森林公园,1,1,8
广州,秋季,白云区拦河坝大桥东,1,1,10
广州,秋季,白云区浔峰山东路(浔峰御金沙园),1,1,6
广州,秋季,白云区浔峰阁,1,1,7
广州,秋季,白云启德康养院(养老院),1,1,9
广州,秋季,白云山风景名胜区(摩云路),1,1,11
广州,秋季,白云山风景名胜区-茶趣园,1,1,22
广州,秋季,白云山风景名胜区-龙虎岗,1,1,11
广州,秋季,白云山风景名胜区伍仙桥门,1,1,6
广州,秋季,白云山风景名胜区华美麓湖高尔夫俱乐部,1,1,6
广州,秋季,白云山风景名胜区山顶公园,1,1,1
广州,秋季,白云山风景名胜区龙虎岗,1,1,18
广州,秋季,白云湖公园,1,1,5
广州,秋季,白江湖森林公园,1,1,1
广州,秋季,白洞水库,1,1,13
广州,秋季,石基村草围,1,1,18
广州,秋季,石牌新庆村花园,1,1,1
广州,秋季,石牙顶天坑,1,1,11
广州,秋季,秀水村新围,1,1,3
广州,秋季,罗波,1,1,14
广州,秋季,罗波头(广州市增城区),1,1,30
广州,秋季,罗裙,1,1,16
广州,秋季,良口镇糖料村（广州国家版本馆）,1,1,5
广州,秋季,艾米稻香小镇,1,1,20
广州,秋季,芙蓉省级旅游度假区,1,1,6
广州,秋季,花城汇·中区,1,1,1
广州,秋季,花都湖公园,1,1,8
广州,秋季,荔湾区增涉公园,1,1,9
广州,秋季,荔湾区江北休闲绿地(增翠路西50米),1,1,2
广州,秋季,荔湾梁氏宗祠,1,1,2
广州,秋季,荔湾湖公园,1,1,2
广州,秋季,荡胸亭(广州市白云区),1,1,7
广州,秋季,蟹山公园,1,1,5
广州,秋季,西河古桥(广州市增城区福和三星村西河),1,1,21
广州,秋季,越秀公园(越秀绿道北50米),1,1,1
广州,秋季,越秀公园-南门,1,1,8
广州,秋季,越秀公园-越秀山,1,1,13
广州,秋季,越秀区东山湖公园(东湖路东),1,1,16
广州,秋季,越秀区东湖珠江宾馆(寺右一马路南),1,1,8
广州,秋季,越秀区东风西流花湖公园榕岛西50米(东风西路北),1,1,8
广州,秋季,越秀区广州博物馆(镇海楼展区),1,1,3
广州,秋季,越秀区流花湖公园(康王北路北200米),1,1,17
广州,秋季,越秀区流花湖公园雅景园(西郊大厦南),1,1,21
广州,秋季,越秀区流花西郊大厦B座南(中展里南),1,1,1
广州,秋季,越秀区流花西郊大厦B座南50米(中展里南),1,1,1
广州,秋季,越秀区烈士陵园地铁站C口(中山三路北),1,1,2
广州,秋季,越秀区黄花岗公园(团结路东150米),1,1,7
广州,秋季,越秀区黄花岗公园史坚如先生祠(团结路东),1,1,7
广州,秋季,达溪村,1,1,13
广州,秋季,钢筋配送中心,1,1,6
广州,秋季,钢筋配送中心西南(渔港大道),1,1,12
广州,秋季,银排岭公园,1,1,1
广州,秋季,银林生态农场(广州市从化区银林村委附近),1,1,2
广州,秋季,长洲岛,1,1,9
广州,秋季,长洲岛.中山公园,1,1,4
广州,秋季,阅山湖,1,1,4
广州,秋季,阿婆六茶花谷,1,1,4
广州,秋季,马仔山公园,1,1,3
广州,秋季,马溪公园,1,1,5
广州,秋季,高增村,1,1,1
广州,秋季,鸡枕山,1,1,26
广州,秋季,麓湖-鸿鹄楼,1,1,11
广州,秋季,麓湖公园聚芳园,1,1,4
广州,秋季,麓湖鸿鹄楼(越秀区簏湖公园聚芳园内),1,1,10
广州,秋季,黄埔中心城区市民公园,1,1,21
广州,秋季,黄埔公园,1,1,6
广州,秋季,黄埔区九龙镇平岗,1,1,18
广州,秋季,黄埔区台一铜业(广州)有限公司,1,1,12
广州,秋季,黄埔区新龙镇汤村,1,1,1
广州,秋季,黄埔区狮山公园(狮山路西100米),1,1,4
广州,秋季,黄埔区瓦壶岗公园(中山大道东南50米),1,1,3
广州,秋季,黄埔区维也纳国际酒店(广州萝岗万达广场店),1,1,9
广州,秋季,黄埔区长岭街道岭头村,1,1,23
广州,秋季,黄婆洞水库,1,1,4
广州,秋季,黄山鲁森林公园丽云亭,1,1,3
广州,秋季,黄花岗公园,1,1,4
广州,秋季,龙新村(广州市增城区),1,1,35
广州,秋季,龙洞筲箕窝,1,1,2
广州,秋季,龙眼洞森林公园,1,1,23
广州,冬季,朱村,73,92,54
广州,冬季,流花湖公园,73,82,30
广州,冬季,广州起义烈士陵园,46,49,19
广州,冬季,白云山风景名胜区,39,47,44
广州,冬季,浔峰山生态公园,34,37,28
广州,冬季,萝岗香雪公园,28,30,16
广州,冬季,盈翠公园,19,24,24
广州,冬季,广州雕塑公园,19,19,9
广州,冬季,东山湖公园,14,14,20
广州,冬季,流花湖公园(广州市越秀区东风西路163),13,15,19
广州,冬季,白石山,13,15,29
广州,冬季,南沙十九涌,12,12,31
广州,冬季,花城广场,11,13,9
广州,冬季,晓港公园,11,11,10
广州,冬季,起义烈士陵园,11,11,17
广州,冬季,珠江公园,10,14,12
广州,冬季,广州增城丝苗米稻田公园,9,12,26
广州,冬季,中国科学院华南植物园,9,9,18
广州,冬季,越秀公园,9,9,17
广州,冬季,火炉山森林公园,8,8,33
广州,冬季,越秀区东风西流花湖公园榕岛东北(康王北路北),8,8,15
广州,冬季,二十涌,7,7,26
广州,冬季,中山大学(广州校区南校园),6,6,17
广州,冬季,麓湖公园,6,6,20
广州,冬季,麓湖公园(广州市越秀区),6,6,18
广州,冬季,增城能记家庭农场,5,6,38
广州,冬季,前哨队,5,5,32
广州,冬季,前哨队(广州市南沙区),5,5,40
广州,冬季,天河公园,5,5,17
广州,冬季,中心湖公园,4,5,16
广州,冬季,广州起义烈士陵园(越秀区中山二路92号),4,5,21
广州,冬季,贝岗湿地公园,4,5,15
广州,冬季,龙新村(广州市增城区),4,5,31
广州,冬季,南沙湿地,4,4,45
广州,冬季,子沙堂,4,4,20
广州,冬季,烈士陵园,4,4,16
广州,冬季,雕塑公园,4,4,14
广州,冬季,广州流花湖公园,3,5,21
广州,冬季,二十涌海边,3,3,37
广州,冬季,云溪植物园,3,3,16
广州,冬季,华南国家植物园,3,3,17
广州,冬季,南沙区珠江街道仁隆围,3,3,19
广州,冬季,回归林(云山北路),3,3,16
广州,冬季,广州南沙湿地公园,3,3,17
广州,冬季,广州市天河区华南植物园,3,3,16
广州,冬季,永安二街三巷,3,3,14
广州,冬季,汇彩路附近河涌,3,3,5
广州,冬季,流花湖公园-榕岛,3,3,6
广州,冬季,海珠湖,3,3,11
广州,冬季,海珠湖公园,3,3,17
广州,冬季,海珠湿地公园,3,3,19
广州,冬季,火炉山荷花池,3,3,8
广州,冬季,白水山森林公园,3,3,31
广州,冬季,罗波头,3,3,61
广州,冬季,蕉门公园-蕉门河景区,3,3,16
广州,冬季,起义烈士陵园(越秀区中山二路92号),3,3,8
广州,冬季,长洲岛,3,3,24
广州,冬季,东山湖公园-南门,2,3,11
广州,冬季,中山大学(广州校区东校园),2,3,15
广州,冬季,洪奇门,2,3,12
广州,冬季,盈翠公园和善坑顶公园,2,3,27
广州,冬季,罗波,2,3,37
广州,冬季,金沙洲浔峰山生态公园,2,3,19
广州,冬季,隆平院士港,2,3,13
广州,冬季,上涌果树公园(海珠区新滘西路68号),2,2,12
广州,冬季,东山湖公园(广州市越秀区东湖路123),2,2,5
广州,冬季,中交第四航务工程局全民文化体育综合体项目经理部,2,2,20
广州,冬季,中国民生银行(桃园东路),2,2,3
广州,冬季,丹邱村(荔城大道),2,2,33
广州,冬季,华南理工大学(广州国际校区),2,2,20
广州,冬季,南沙区榄核镇四沙,2,2,47
广州,冬季,南沙十九涌渔人码头,2,2,20
广州,冬季,南沙渔港大道,2,2,48
广州,冬季,回归林西北(云山北路),2,2,10
广州,冬季,增城太子坑森林公园,2,2,23
广州,冬季,大夫山森林公园,2,2,5
广州,冬季,广州华南植物园,2,2,19
广州,冬季,广州南沙前哨队,2,2,16
广州,冬季,广州市儿童公园,2,2,7
广州,冬季,广州市增城区丝苗米省级现代农业产业园,2,2,21
广州,冬季,广州杨桃公园,2,2,1
广州,冬季,流溪河国家森林公园,2,2,10
广州,冬季,海珠湖(广州市海珠区新滘中路168号),2,2,26
广州,冬季,珠江公园(广州市天河区金穗路900),2,2,17
广州,冬季,白云区雕塑公园(下塘西路西),2,2,5
广州,冬季,白水寨风景名胜区,2,2,6
广州,冬季,罗波头(广州市增城区),2,2,37
广州,冬季,越秀区流花湖公园鹭岛(中展里南),2,2,28
广州,冬季,長洲島,2,2,26
广州,冬季,长隆野生动物世界,2,2,5
广州,冬季,高埔水库,2,2,33
广州,冬季,广州亚运城,1,7,8
广州,冬季,天马河公园,1,4,3
广州,冬季,花城广场自留地,1,4,2
广州,冬季,黄埔区长洲岛环岛绿道,1,4,10
广州,冬季,三百洞村,1,3,27
广州,冬季,员村,1,3,8
广州,冬季,增城区石滩镇塘头水库,1,3,30
广州,冬季,增城区西境水库东100米,1,3,14
广州,冬季,榄核镇,1,3,25
广州,冬季,南方医科大学,1,2,6
广州,冬季,增埗公园,1,2,7
广州,冬季,天河区龙逸山庄,1,2,10
广州,冬季,广州中医药大学(大学城校区),1,2,9
广州,冬季,广州科技职业技术大学(广州校区),1,2,11
广州,冬季,暨南大学(番禺校区),1,2,8
广州,冬季,海珠区琶洲北岛创意园北(新港东路北),1,2,10
广州,冬季,燕山(广州市黄埔区),1,2,10
广州,冬季,黄埔油麻山森林公园,1,2,27
广州,冬季,黄山鲁森林公园,1,2,12
广州,冬季,Captain東山,1,1,2
广州,冬季,万顷沙[地铁站],1,1,9
广州,冬季,上罗村,1,1,19
广州,冬季,东圃美林湖畔花园绿道,1,1,8
广州,冬季,中国人民解放军南部战区总医院,1,1,3
广州,冬季,中国科学院-华南植物园(科研区),1,1,10
广州,冬季,中国科学院华南植物园(广州市天河区),1,1,15
广州,冬季,丹枫廊桥,1,1,2
广州,冬季,丹邱村官田公园,1,1,34
广州,冬季,二十涌海边(二十涌海边新港大道东50米),1,1,16
广州,冬季,云山南路(广州市白云区),1,1,4
广州,冬季,云萝植物园,1,1,5
广州,冬季,五山,1,1,12
广州,冬季,亲水瀑布公园,1,1,22
广州,冬季,人民公园,1,1,2
广州,冬季,仁隆围,1,1,10
广州,冬季,从化区吕田镇桂峰村,1,1,48
广州,冬季,从化区太平镇马仔头,1,1,6
广州,冬季,从化区白石山(温泉西路六巷东),1,1,12
广州,冬季,从化温泉镇,1,1,6
广州,冬季,光强盆景花木场,1,1,6
广州,冬季,凤凰湖公园,1,1,14
广州,冬季,创业公园(广州市黄埔区科学城水西路),1,1,20
广州,冬季,创新公园(广州市黄埔区开源大道),1,1,9
广州,冬季,十九涌半,1,1,5
广州,冬季,十九涌湿地,1,1,20
广州,冬季,十八涌(广州市南沙区),1,1,5
广州,冬季,十八罗汉山森林公园,1,1,6
广州,冬季,华南农业大学-湿地公园,1,1,11
广州,冬季,华南农业大学–试验田,1,1,10
广州,冬季,华南农业大学树木园,1,1,6
广州,冬季,华南国家植物园-l,1,1,21
广州,冬季,华南师范大学(大学城校区),1,1,15
广州,冬季,华南师范大学(广州校区大学城校园),1,1,14
广州,冬季,华南师范大学(石牌校区),1,1,2
广州,冬季,华南师范大学(石牌校区)荷花湖,1,1,1
广州,冬季,华南理工大学(大学城校区),1,1,19
广州,冬季,南沙区侨益龙穴岛仓孖沙三涌,1,1,12
广州,冬季,南沙区广东海事局广州海岸电台万顷沙基地西北400米,1,1,27
广州,冬季,南沙区榄核镇子沙堂,1,1,13
广州,冬季,南沙区珠江街道新中和,1,1,2
广州,冬季,南沙区界河桥站公交站东200米(鸡抱沙北路北),1,1,13
广州,冬季,南沙区领南星河荣誉(规划横一路西100米),1,1,9
广州,冬季,南沙十九涌(广州市南沙区海翔路),1,1,36
广州,冬季,南沙十九涌(海翔路),1,1,13
广州,冬季,南沙湿地公园-南沙十九涌,1,1,7
广州,冬季,南沙湿地公园游客服务中心(新港大道东),1,1,9
广州,冬季,南沙湿地收费站(入口方向),1,1,1
广州,冬季,南航广州产教融合实训基地,1,1,19
广州,冬季,启尚艺术园,1,1,12
广州,冬季,增城丝苗米产业园水翁树,1,1,24
广州,冬季,增城区G324(朱村地铁站),1,1,30
广州,冬季,增城区朱村街道丹邱村钟屋,1,1,15
广州,冬季,增城区朱村街道官田,1,1,23
广州,冬季,增城区朱村街道新河,1,1,9
广州,冬季,增城区石滩镇新谢,1,1,16
广州,冬季,增城文化公园景区-荔枝文化公园,1,1,9
广州,冬季,增城能记家庭农场(增城区龙新村东南),1,1,12
广州,冬季,增城能记家庭农场东150米(墩岗东北路北),1,1,35
广州,冬季,增城能记家庭农场西南300米,1,1,44
广州,冬季,增城能记家庭农场西南50米(东溪路北),1,1,15
广州,冬季,增塘水库,1,1,14
广州,冬季,大学城中心湖公园,1,1,11
广州,冬季,大岭头(广州市从化区),1,1,1
广州,冬季,大敦村湾头,1,1,15
广州,冬季,大湾区中央湿地公园,1,1,32
广州,冬季,天河公园西门东150米(天府路东),1,1,7
广州,冬季,天河区东圃壹鸽轩饭店门口河边,1,1,5
广州,冬季,天河区东圃广州天河合景福朋喜来登酒店西(汇彩路西),1,1,1
广州,冬季,天河区东圃美林湖畔花园东(桃园东路东),1,1,2
广州,冬季,天河区中国科学院华南国家植物园(杜鹃路南),1,1,1
广州,冬季,天河区五山广东省农业科学院北(金颖东二南街西),1,1,7
广州,冬季,天河区五山广州市银河革命公墓管理处(银定塘后街东),1,1,6
广州,冬季,天河区冼村花城汇南区(广州图书馆西北),1,1,2
广州,冬季,天河区广州天河体育中心(天体环路东),1,1,4
广州,冬季,天河区火炉山揽翠亭(火炉山南路北),1,1,3
广州,冬季,天河区火炉山森林公园荷花池(火炉山北路西),1,1,6
广州,冬季,天鹿湖森林公园,1,1,15
广州,冬季,子沙村,1,1,16
广州,冬季,子沙村2队,1,1,25
广州,冬季,子沙村2队(美紫街),1,1,4
广州,冬季,子沙村2队南366米,1,1,27
广州,冬季,小楼镇第一中学,1,1,13
广州,冬季,广东从化陈禾洞省级自然保护区管理处,1,1,9
广州,冬季,广东省地图院,1,1,5
广州,冬季,广东花都湖国家湿地公园,1,1,20
广州,冬季,广州东山湖公园,1,1,12
广州,冬季,广州医科大学附属第二医院,1,1,9
广州,冬季,广州国家现代农业产业科技创新中心,1,1,7
广州,冬季,广州天省实验学校,1,1,1
广州,冬季,广州奥体中心,1,1,3
广州,冬季,广州市南沙区九比小学(安乐街),1,1,20
广州,冬季,广州市增城区小楼中学,1,1,10
广州,冬季,广州市执信中学(天河校区),1,1,9
广州,冬季,广州市水生野生动物保护基地,1,1,6
广州,冬季,广州市第五中学(同福东校区),1,1,12
广州,冬季,广州市诚一水产养殖有限公司南沙基地,1,1,9
广州,冬季,广州市野生动物救护中心,1,1,1
广州,冬季,广州海珠国家湿地公园+海珠湖,1,1,22
广州,冬季,广州海珠国家湿地公园1期(龙潭南约万年东街四横街),1,1,2
广州,冬季,广州火炉山森林公园,1,1,4
广州,冬季,广州珠江公园,1,1,12
广州,冬季,广州珠江帝景苑,1,1,1
广州,冬季,广州碧桂园金叶子温泉度假酒店,1,1,10
广州,冬季,广州科技职业技术大学(广州校区)北,1,1,22
广州,冬季,广州荔圃温泉酒店,1,1,10
广州,冬季,广州融创乐园停车场-入口,1,1,11
广州,冬季,广州越秀公园,1,1,5
广州,冬季,新港大道,1,1,15
广州,冬季,星河湾,1,1,1
广州,冬季,晓港公园(广州市海珠区前进路146号),1,1,1
广州,冬季,智汇PARK·棠下,1,1,33
广州,冬季,朱村-能记家庭农场,1,1,30
广州,冬季,朱村11号线,1,1,26
广州,冬季,朱村街丝苗米文化公园,1,1,31
广州,冬季,朱村街丹邱村村民委员会,1,1,25
广州,冬季,桃花涧,1,1,11
广州,冬季,水墨园(广州市海珠区星岛环南路5号),1,1,12
广州,冬季,流杯水库,1,1,23
广州,冬季,流花湖公园(越秀区东风西路163号),1,1,12
广州,冬季,流花湖公园-鹭岛,1,1,7
广州,冬季,海珠区广州海珠国家湿地公园(二期),1,1,20
广州,冬季,海珠湖观鸟岛东南150米(后滘西大街东),1,1,7
广州,冬季,海鸥岛,1,1,57
广州,冬季,深涌右支涌碧道,1,1,5
广州,冬季,滴水岩森林公园,1,1,5
广州,冬季,火炉山森林公园-东北门,1,1,8
广州,冬季,火炉山森林公园-荷花池,1,1,10
广州,冬季,牛角岭公园,1,1,1
广州,冬季,番禺区大石中学(海堤路南100米),1,1,3
广州,冬季,番禺区石楼镇东滘,1,1,13
广州,冬季,番禺区钟村街道大夫山,1,1,3
广州,冬季,白云区罗冲围西村水厂西北100米(高桥路东二街东),1,1,7
广州,冬季,白云区金沙街道金钟岗,1,1,5
广州,冬季,石门国家森林公园,1,1,18
广州,冬季,石门森林公园,1,1,12
广州,冬季,碧水湾,1,1,12
广州,冬季,穗方源南沙丝苗米产业园示范基地,1,1,14
广州,冬季,美林湖畔花园,1,1,1
广州,冬季,翠竹园,1,1,12
广州,冬季,良口镇糖料村（广州国家版本馆）,1,1,7
广州,冬季,芙蓉嶂,1,1,1
广州,冬季,芙蓉嶂风景区,1,1,18
广州,冬季,花城汇,1,1,1
广州,冬季,花都湖公园岭南园西北,1,1,11
广州,冬季,茶趣园,1,1,2
广州,冬季,蜜蜂世界詹氏蜜蜂世家,1,1,14
广州,冬季,蟹山公园,1,1,1
广州,冬季,西安电子科技大学广州研究院西北(方贤路),1,1,1
广州,冬季,越秀区东山湖公园,1,1,15
广州,冬季,越秀区东山湖公园(大通路北),1,1,14
广州,冬季,越秀区东湖珠江宾馆(寺右一马路南),1,1,12
广州,冬季,越秀区东风西流花湖公园(新桥直街北100米),1,1,7
广州,冬季,越秀区东风西流花湖公园西南门北(新桥直街北),1,1,6
广州,冬季,越秀区流花湖公园蒲林广场西北50米(康王北路北),1,1,6
广州,冬季,越秀区流花湖公园观鹭台南100米(流花路南),1,1,9
广州,冬季,越秀区流花湖公园雅景园(西郊大厦南),1,1,10
广州,冬季,越秀区流花湖公园鹭岛东南50米(中展里南),1,1,19
广州,冬季,越秀山,1,1,7
广州,冬季,迳下村,1,1,5
广州,冬季,金沙洲恒大绿洲江边公园,1,1,13
广州,冬季,金沙洲浔峰岗生态公园,1,1,21
广州,冬季,长洲岛(挞洲围街),1,1,11
广州,冬季,雕塑公园云道,1,1,1
广州,冬季,香港科技大学(广州),1,1,12
广州,冬季,麓湖-星海园,1,1,1
广州,冬季,麓湖公园(广州市越秀区白云山麓湖景区),1,1,19
广州,冬季,麓湖公园内（大范围）,1,1,11
广州,冬季,黄埔区南岗水闸,1,1,10
广州,冬季,黄埔区发展公园(开达路西150米),1,1,16
广州,冬季,黄埔区富颐华庭T区(知贤大街北),1,1,5
广州,冬季,黄埔区文冲街道公山,1,1,11
广州,冬季,黄埔区长岭街道岭头村,1,1,20
广州,冬季,黄婆洞水库,1,1,1
广州,冬季,黄山鲁,1,1,6
广州,冬季,龙眼洞森林公园,1,1,1
广州,8月,浔峰山生态公园,75,98,19
广州,8月,珠江公园,51,64,15
广州,8月,广州雕塑公园,30,32,16
广州,8月,流花湖公园,25,25,27
广州,8月,朱村,15,20,34
广州,8月,前哨队(广州市南沙区),12,17,37
广州,8月,中国科学院华南植物园,11,11,17
广州,8月,中山大学(广州校区南校园),9,10,10
广州,8月,火炉山森林公园,7,8,14
广州,8月,麓湖公园(广州市越秀区),7,8,15
广州,8月,白云山风景名胜区,7,7,12
广州,8月,雕塑公园,6,6,14
广州,8月,火炉山森林公园-东北门,5,7,13
广州,8月,广州南沙前哨队,5,6,23
广州,8月,广州海珠国家湿地公园(一期),5,5,24
广州,8月,白石山,5,5,25
广州,8月,广州市天河区珠江公园,4,6,14
广州,8月,前哨队,4,4,24
广州,8月,大夫山森林公园,4,4,9
广州,8月,海珠湿地公园,4,4,19
广州,8月,石门国家森林公园,4,4,12
广州,8月,金沙洲浔峰岗生态公园,4,4,4
广州,8月,越秀公园,3,5,18
广州,8月,南沙区珠江街道仁隆围,3,4,19
广州,8月,南沙区珠江街道前哨队,3,4,13
广州,8月,南沙十九涌,3,4,21
广州,8月,天河公园,3,3,5
广州,8月,广州动物园,3,3,8
广州,8月,白云区金沙街道金钟岗,3,3,9
广州,8月,麓湖公园,3,3,18
广州,8月,盈翠公园和善坑顶公园,2,3,24
广州,8月,越秀山,2,3,7
广州,8月,金沙洲浔峰山生态公园,2,3,10
广州,8月,二十涌,2,2,15
广州,8月,华南农业大学(天河区五山路483号),2,2,18
广州,8月,南沙滨海公园,2,2,21
广州,8月,宝成围,2,2,28
广州,8月,帽峰山（甜）,2,2,22
广州,8月,广州中学(广州市天河区华美路68号附近),2,2,1
广州,8月,广州从吕山居,2,2,12
广州,8月,广州起义烈士陵园,2,2,7
广州,8月,慧谷公园,2,2,13
广州,8月,流花湖公园(广州市越秀区东风西路163),2,2,18
广州,8月,海鸥岛,2,2,9
广州,8月,白云区金沙洲浔峰山生态公园(浔峰山东路北),2,2,6
广州,8月,白云区雕塑公园(下塘西路西),2,2,2
广州,8月,盈翠公园,2,2,13
广州,8月,九龙湖度假区,1,4,23
广州,8月,番禺区广物奥迪广东粤奥汽车销售服务有限公司东,1,4,1
广州,8月,江北休闲绿地,1,3,9
广州,8月,黄龙带水库,1,3,4
广州,8月,城启·逸蓝华庭(海珠区新民大街42),1,2,10
广州,8月,广州四季田园温泉度假村,1,2,18
广州,8月,广州珠江公园,1,2,6
广州,8月,石牌新庆村花园,1,2,3
广州,8月,芳村远东御江豪庭(古祠路),1,2,4
广州,8月,万顷沙镇,1,1,8
广州,8月,下坑水库及附近,1,1,3
广州,8月,东山湖公园,1,1,13
广州,8月,东山湖公园-南门,1,1,12
广州,8月,中国科学院华南国家植物园(广州市天河区),1,1,14
广州,8月,中新广州知识城九龙湖,1,1,1
广州,8月,九龙湖风景区,1,1,11
广州,8月,云溪植物园,1,1,5
广州,8月,五龙谷(广州市白云区),1,1,2
广州,8月,京溪生态公园,1,1,9
广州,8月,从化区温泉镇松园,1,1,4
广州,8月,从化区良口镇桥头,1,1,12
广州,8月,十四涌,1,1,2
广州,8月,华农大园林,1,1,7
广州,8月,华南农业大学,1,1,10
广州,8月,华南国家植物园,1,1,7
广州,8月,华南理工大学(广州国际校区),1,1,4
广州,8月,南沙区珠江街道义隆围,1,1,12
广州,8月,南沙区珠江街道安南围,1,1,18
广州,8月,南沙区珠江街道宝成围,1,1,4
广州,8月,南沙区珠江街道怡安围,1,1,16
广州,8月,南沙区珠江街道新华队,1,1,10
广州,8月,南沙天后宫,1,1,2
广州,8月,南沙湿地,1,1,32
广州,8月,古荫帆影北码头(新滘南路龙潭村海珠湿地),1,1,7
广州,8月,国瑞花卉乐园,1,1,3
广州,8月,坦头村红树林科普长廊,1,1,10
广州,8月,塘仔农庄(从化区石门国家森林公园内),1,1,14
广州,8月,增城区朱村街道西江岭,1,1,13
广州,8月,增城区民沣驾校(总校训练场),1,1,14
广州,8月,天河区珠江公园兴盛门,1,1,3
广州,8月,天湖水库,1,1,30
广州,8月,天鹿湖森林公园,1,1,3
广州,8月,太子坑森林公园,1,1,33
广州,8月,安下围(福安一街),1,1,4
广州,8月,小虎沥,1,1,14
广州,8月,帽峰山森林公园,1,1,6
广州,8月,广东外语外贸大学南国商学院,1,1,9
广州,8月,广东太子森林公园,1,1,21
广州,8月,广东实验中学,1,1,28
广州,8月,广东工业大学(东风路校区),1,1,1
广州,8月,广东省博物馆,1,1,1
广州,8月,广东省广州市白云区国际路,1,1,13
广州,8月,广东省立中山图书馆,1,1,5
广州,8月,广州东山湖公园,1,1,1
广州,8月,广州华南植物园,1,1,15
广州,8月,广州增城丝苗米稻田公园,1,1,2
广州,8月,广州大学,1,1,8
广州,8月,广州市天河区华南植物园,1,1,6
广州,8月,广州市牛路水库,1,1,2
广州,8月,广州市第七十五中学(燕塘校区),1,1,3
广州,8月,广州志愿者公园,1,1,6
广州,8月,广州海珠国家湿地公园,1,1,22
广州,8月,广州火炉山,1,1,8
广州,8月,广州火炉山森林公园,1,1,5
广州,8月,抱珠楼,1,1,12
广州,8月,星汇国际大厦,1,1,1
广州,8月,星河湾,1,1,4
广州,8月,暨南大学(石牌校区),1,1,7
广州,8月,朱村街丝苗米文化公园,1,1,21
广州,8月,梅花岭(广州市黄埔区),1,1,20
广州,8月,棣园,1,1,5
广州,8月,洪奇门,1,1,19
广州,8月,流溪河水库五指山三桠塘,1,1,11
广州,8月,流花湖公园(越秀区东风西路163号),1,1,3
广州,8月,浔峰山生态公园-东门,1,1,6
广州,8月,海珠区广州内港海事处南100米(新一街南),1,1,6
广州,8月,海珠国家湿地公园,1,1,21
广州,8月,海珠湖,1,1,7
广州,8月,海珠湖公园,1,1,15
广州,8月,海珠湿地二期,1,1,21
广州,8月,湘湘草场,1,1,4
广州,8月,火炉山森林公园青年林东,1,1,1
广州,8月,火炉山荷花池,1,1,15
广州,8月,灵山七境,1,1,3
广州,8月,烈士陵园,1,1,8
广州,8月,燕山(广州市黄埔区),1,1,11
广州,8月,牛头山,1,1,9
广州,8月,珠江公园(广州市天河区金穗路900),1,1,7
广州,8月,甘竹山公园,1,1,3
广州,8月,番禺区东湖洲花园(雁洲路北),1,1,1
广州,8月,番禺区石楼镇东盛,1,1,3
广州,8月,番禺区石楼镇二围,1,1,13
广州,8月,番禺区石楼镇大六,1,1,2
广州,8月,白云区孖髻岭西南50米(叠翠绿道西),1,1,1
广州,8月,白云区金沙洲浔峰山生态公园,1,1,7
广州,8月,白水山森林公园,1,1,4
广州,8月,石门森林公园,1,1,8
广州,8月,礼隆围,1,1,7
广州,8月,罗波头,1,1,19
广州,8月,聚芳园(越秀区麓湖公园麓湖路11号),1,1,3
广州,8月,腊圃村,1,1,16
广州,8月,花都湖公园,1,1,4
广州,8月,花都湿地公园,1,1,2
广州,8月,苏元山(广州市黄埔区),1,1,18
广州,8月,荔湾区城启·荔港南湾(东海北路东),1,1,6
广州,8月,荔湾区芳村万象购物街东南50米(庙前直街东),1,1,1
广州,8月,荔湾湖公园,1,1,17
广州,8月,贤江公园,1,1,5
广州,8月,越秀公园-越秀山,1,1,11
广州,8月,越秀区东风西广州市少年宫(司马街北),1,1,1
广州,8月,越秀区东风西流花湖公园(康王北路东150米),1,1,15
广州,8月,越秀区流花湖公园鹭岛东南50米(中展里南),1,1,9
广州,8月,越秀山(解放北路988号越秀公园内),1,1,15
广州,8月,金坑,1,1,6
广州,8月,金沙洲恒大绿洲江边公园,1,1,21
广州,8月,长岭植树公园,1,1,14
广州,8月,长洲岛.中山公园,1,1,1
广州,8月,雕塑公园云道,1,1,1
广州,8月,鸡枕山,1,1,5
广州,8月,鹭岛,1,1,3
广州,8月,麓湖,1,1,1
广州,8月,麓湖-星海园,1,1,22
广州,8月,麓湖公园内（大范围）,1,1,30
广州,8月,黄山鲁森林公园-丽云亭,1,1,6
广州,8月,黄山鲁森林公园碧水廊,1,1,6
广州,8月,龙洞筲箕窝,1,1,4
广州,8月,龙眼洞林场,1,1,11
广州,9月,浔峰山生态公园,69,94,21
广州,9月,南沙十九涌,33,42,65
广州,9月,中山大学(广州校区南校园),25,37,19
广州,9月,珠江公园,19,28,20
广州,9月,流花湖公园,16,16,29
广州,9月,火炉山森林公园,13,13,24
广州,9月,广州雕塑公园,11,11,20
广州,9月,白云山风景名胜区,10,14,16
广州,9月,朱村,8,11,34
广州,9月,南沙湿地,7,7,27
广州,9月,洪奇门,6,7,37
广州,9月,广州市海珠区的湿地公园,6,6,32
广州,9月,白云区金沙街道金钟岗,6,6,12
广州,9月,麓湖公园,6,6,28
广州,9月,麓湖公园(广州市越秀区),6,6,19
广州,9月,中国科学院华南植物园,5,13,20
广州,9月,十八涌(广州市南沙区),5,6,45
广州,9月,广州市白云区龙虎岗,5,6,17
广州,9月,流花湖公园(广州市越秀区东风西路163),5,6,18
广州,9月,前哨队(广州市南沙区),4,4,24
广州,9月,白云区雕塑公园(下塘西路西),4,4,18
广州,9月,华南农业大学(天河区五山路483号),3,5,24
广州,9月,东山湖公园,3,3,24
广州,9月,南沙十九涌渔人码头,3,3,15
广州,9月,天河公园,3,3,24
广州,9月,火炉山森林公园-东北门,3,3,17
广州,9月,越秀区流花湖公园法兰克福花园西南(蓓蕾剧院西北),3,3,28
广州,9月,金沙洲浔峰山生态公园,3,3,9
广州,9月,龙虎岗,3,3,13
广州,9月,广州火炉山,2,4,18
广州,9月,一帆水产四倍体鲫鱼苗种基地,2,2,24
广州,9月,万顷沙镇南沙中老年养生保健街,2,2,22
广州,9月,中国科学院华南植物园(广州市天河区),2,2,17
广州,9月,十七涌,2,2,22
广州,9月,华南师范大学(石牌校区),2,2,5
广州,9月,南沙十九涌(海翔路),2,2,31
广州,9月,增城区太子坑森林公园,2,2,23
广州,9月,增城太子坑森林公园,2,2,17
广州,9月,大夫山森林公园,2,2,23
广州,9月,天河区珠江公园(花城大道北),2,2,14
广州,9月,广州珠江公园,2,2,8
广州,9月,晓港公园,2,2,6
广州,9月,海珠湖,2,2,14
广州,9月,火炉山森林公园-荷花池,2,2,10
广州,9月,火炉山森林公园休息平台东,2,2,11
广州,9月,火炉山荷花池,2,2,5
广州,9月,白石山,2,2,5
广州,9月,石门国家森林公园,2,2,12
广州,9月,苏元山(广州市黄埔区),2,2,14
广州,9月,越秀公园,2,2,22
广州,9月,雕塑公园,2,2,14
广州,9月,前哨队,1,2,13
广州,9月,南方医科大学,1,2,5
广州,9月,广州市第五中学(同福东校区),1,2,13
广州,9月,广州流花湖公园,1,2,2
广州,9月,流花湖公园(越秀区东风西路163号),1,2,11
广州,9月,生物岛,1,2,13
广州,9月,越秀区东山湖公园(沿江东路北),1,2,13
广州,9月,一帆水产,1,1,31
广州,9月,七星村,1,1,5
广州,9月,万环西路与渔港大道交叉口(广州市南沙区),1,1,13
广州,9月,万顷十九渔人码头对面水闸街,1,1,29
广州,9月,东山湖公园(广州市越秀区东湖路123),1,1,3
广州,9月,中交二航局南沙全民文化体育综合体项目部北81米,1,1,17
广州,9月,中国石油广州培训中心,1,1,6
广州,9月,中山大学,1,1,14
广州,9月,中山大学(广州校区东校园),1,1,11
广州,9月,中山大学(广州校区北校园),1,1,1
广州,9月,中建三局南沙全民文化体育综合体项目部,1,1,12
广州,9月,中心湖公园,1,1,12
广州,9月,义隆围,1,1,7
广州,9月,创业公园,1,1,6
广州,9月,十九涌,1,1,9
广州,9月,十八罗汉山森林公园,1,1,4
广州,9月,十六涌草场,1,1,5
广州,9月,华南理工大学(五山校区),1,1,15
广州,9月,南沙19涌,1,1,5
广州,9月,南沙区一帆水产四倍体鲫鱼苗种基地,1,1,37
广州,9月,南沙区一帆水产四倍体鲫鱼苗种基地东南150米,1,1,4
广州,9月,南沙区一帆水产四倍体鲫鱼苗种基地东南900米,1,1,22
广州,9月,南沙区万顷沙镇十六涌,1,1,11
广州,9月,南沙区万顷沙镇新港大道(南沙十九涌),1,1,12
广州,9月,南沙区十七涌草场,1,1,19
广州,9月,南沙区小虎岛,1,1,36
广州,9月,南沙区广深恒大国际旅游城展示中心东600米,1,1,23
广州,9月,南沙区滨海·水晶湾东南400米(广兴路西),1,1,11
广州,9月,南沙十九涌(广州市南沙区海翔路),1,1,28
广州,9月,南沙湿地公园-南沙十九涌,1,1,1
广州,9月,南沙湿地观鸟平台,1,1,30
广州,9月,南航广州产教融合实训基地,1,1,12
广州,9月,塘坑,1,1,1
广州,9月,增埗公园(荔湾区福州路8号近富力桃园),1,1,5
广州,9月,大沙河湿地,1,1,5
广州,9月,大湾区文化体育中心,1,1,1
广州,9月,大观湿地公园2,1,1,10
广州,9月,大镇岗,1,1,9
广州,9月,天人山水景区-大地艺术园,1,1,8
广州,9月,天河区启尚艺术园西南50米(凌塘村新庄北路西),1,1,6
广州,9月,天河区珠吉街道牛山,1,1,2
广州,9月,天河大观湿地公园,1,1,3
广州,9月,安下围(福安一街),1,1,11
广州,9月,安广高新产业园,1,1,3
广州,9月,广东实验中学,1,1,18
广州,9月,广州中学(五山校区),1,1,26
广州,9月,广州华南植物园,1,1,25
广州,9月,广州南沙湿地,1,1,20
广州,9月,广州南沙滨海湿地,1,1,9
广州,9月,广州增城丝苗米稻田公园,1,1,16
广州,9月,广州大观湿地公园,1,1,12
广州,9月,广州市儿童公园,1,1,5
广州,9月,广州市天河区华南植物园,1,1,5
广州,9月,广州市牛路水库,1,1,9
广州,9月,广州市育才中学(西校区高中),1,1,3
广州,9月,广州海珠国家湿地公园,1,1,12
广州,9月,广州火炉山森林公园,1,1,7
广州,9月,广州珠江帝景苑,1,1,1
广州,9月,广州起义烈士陵园,1,1,10
广州,9月,抱珠楼,1,1,13
广州,9月,江北休闲绿地,1,1,8
广州,9月,流溪河水库五指山三桠塘,1,1,22
广州,9月,流花湖公园-榕岛,1,1,15
广州,9月,流花湖公园-榕荫门,1,1,8
广州,9月,海珠区琶洲北岛创意园北(新港东路北),1,1,1
广州,9月,海珠湖公园,1,1,1
广州,9月,海珠湿地上涌生态科学园,1,1,11
广州,9月,海珠湿地公园,1,1,26
广州,9月,海珠湿地国家公园,1,1,14
广州,9月,海鸥岛,1,1,25
广州,9月,温泉宾馆白石山,1,1,9
广州,9月,瀑布清水农庄,1,1,12
广州,9月,火炉山森林公园荷花池,1,1,18
广州,9月,燕山(广州市黄埔区),1,1,11
广州,9月,番禺区广物奥迪广东粤奥汽车销售服务有限公司东,1,1,1
广州,9月,白云区山林富贵天酒店北50米(头陂虾钳中街东),1,1,10
广州,9月,白云山龙虎岗猛禽监测点,1,1,14
广州,9月,盈翠公园和善坑顶公园,1,1,16
广州,9月,石牌新庆村花园,1,1,1
广州,9月,花都湿地公园,1,1,4
广州,9月,荔湾区江北休闲绿地(增翠路西50米),1,1,2
广州,9月,荡胸亭(广州市白云区),1,1,7
广州,9月,西河古桥(广州市增城区福和三星村西河),1,1,21
广州,9月,贝岗湿地公园,1,1,5
广州,9月,起义烈士陵园(越秀区中山二路92号),1,1,6
广州,9月,越秀公园-南门,1,1,8
广州,9月,越秀区流花湖公园(康王北路北200米),1,1,17
广州,9月,越秀区流花湖公园雅景园(西郊大厦南),1,1,21
广州,9月,越秀区黄花岗公园史坚如先生祠(团结路东),1,1,7
广州,9月,达溪村,1,1,13
广州,9月,金坑水库,1,1,20
广州,9月,金沙洲恒大绿洲江边公园,1,1,17
广州,9月,雕塑公园(广州市白云区下塘西路545号),1,1,5
广州,9月,高增村,1,1,1
广州,9月,黄埔区九龙镇平岗,1,1,18
广州,9月,黄花岗公园,1,1,4
广州,10月,广州起义烈士陵园,137,193,19
广州,10月,朱村,84,102,45
广州,10月,流花湖公园,50,58,27
广州,10月,南沙十九涌,49,54,72
广州,10月,白云山风景名胜区,39,68,37
广州,10月,浔峰山生态公园,38,45,23
广州,10月,广州雕塑公园,34,34,15
广州,10月,广州市白云区龙虎岗,33,54,26
广州,10月,洪奇门,28,35,54
广州,10月,越秀公园,23,29,25
广州,10月,广州起义烈士陵园(越秀区中山二路92号),21,25,20
广州,10月,南沙湿地,21,21,53
广州,10月,中山大学(广州校区南校园),20,26,13
广州,10月,龙虎岗,16,20,18
广州,10月,珠江公园,16,17,20
广州,10月,流花湖公园(广州市越秀区东风西路163),15,19,26
广州,10月,火炉山森林公园,13,14,26
广州,10月,起义烈士陵园,12,15,15
广州,10月,黄山鲁森林公园,11,22,34
广州,10月,广州增城丝苗米稻田公园,11,13,21
广州,10月,麓湖公园(广州市越秀区),11,11,24
广州,10月,中国科学院华南植物园,10,24,27
广州,10月,海珠湖,10,10,23
广州,10月,华南师范大学(石牌校区),8,8,11
广州,10月,烈士陵园,7,8,8
广州,10月,十八涌(广州市南沙区),6,6,33
广州,10月,广州南沙湿地公园,6,6,18
广州,10月,麓湖公园,6,6,22
广州,10月,增城能记家庭农场,5,5,20
广州,10月,海珠湖公园,5,5,20
广州,10月,火炉山森林公园-东北门,5,5,16
广州,10月,起义烈士陵园(越秀区中山二路92号),5,5,19
广州,10月,广州市增城区丝苗米省级现代农业产业园,4,6,23
广州,10月,南沙区十七涌草场,4,5,18
广州,10月,墩岗(广州市增城区),4,4,12
广州,10月,广州南沙滨海湿地,4,4,42
广州,10月,黄山鲁森林公园-观景亭,4,4,16
广州,10月,华南农业大学(天河区五山路483号),3,4,11
广州,10月,增城太子坑森林公园,3,4,25
广州,10月,从化桂峰村,3,3,43
广州,10月,南沙区一帆水产四倍体鲫鱼苗种基地西400米,3,3,34
广州,10月,南沙渔港大道,3,3,12
广州,10月,南沙湿地观鸟平台,3,3,13
广州,10月,增城能记家庭农场(东溪路北),3,3,24
广州,10月,增城能记家庭农场(增城区龙新村东南),3,3,21
广州,10月,广州火炉山,3,3,10
广州,10月,广州珠江公园,3,3,9
广州,10月,洪奇门(广州市南沙区),3,3,30
广州,10月,越秀区流花湖公园鹭岛东南50米(中展里南),3,3,12
广州,10月,苏元山(广州市黄埔区),2,7,25
广州,10月,一帆水产四倍体鲫鱼苗种基地,2,2,30
广州,10月,东山湖公园,2,2,9
广州,10月,中铁城建集团第二工程有限公司广州恒大文化旅游城工地,2,2,28
广州,10月,前哨队,2,2,8
广州,10月,十八涌,2,2,23
广州,10月,华南师范大学(广州校区石牌校园),2,2,11
广州,10月,南沙湿地公园-南沙十九涌,2,2,5
广州,10月,增城能记家庭农场东北50米(东溪路北),2,2,32
广州,10月,增城能记家庭农场西南50米(东溪路北),2,2,22
广州,10月,大山乸森林公园,2,2,20
广州,10月,天河公园,2,2,4
广州,10月,广州华南植物园,2,2,9
广州,10月,广州天河体育中心,2,2,8
广州,10月,晓港公园,2,2,15
广州,10月,朱村黄胸鹀调查6号线起点,2,2,22
广州,10月,流花湖公园-鹭岛,2,2,9
广州,10月,海珠湿地公园,2,2,8
广州,10月,湘湘草场,2,2,32
广州,10月,石门国家森林公园,2,2,9
广州,10月,粤秀山,2,2,18
广州,10月,越秀区流花湖公园鹭岛(中展里南),2,2,8
广州,10月,雕塑公园,2,2,18
广州,10月,雕塑公园(广州市越秀区下塘西路545号),2,2,8
广州,10月,麓湖公园(广州市越秀区白云山麓湖景区),2,2,10
广州,10月,番禺区广物奥迪广东粤奥汽车销售服务有限公司东,1,4,1
广州,10月,番禺区石碁镇新涌,1,4,5
广州,10月,南沙区一帆水产四倍体鲫鱼苗种基地西南100米,1,3,22
广州,10月,员村,1,3,10
广州,10月,广州中医药大学(大学城校区),1,3,7
广州,10月,广州市白云区图书馆,1,3,8
广州,10月,番禺区石楼镇沙尾,1,3,6
广州,10月,越秀山(解放北路988号越秀公园内),1,3,11
广州,10月,太平洋网络大厦,1,2,8
广州,10月,星河湾,1,2,4
广州,10月,番禺区东沙村天桥甜蜜蜜草莓园(光明北路西),1,2,9
广州,10月,盈翠公园和善坑顶公园,1,2,21
广州,10月,花城广场自留地,1,2,14
广州,10月,花都区花山铜鼓坑公园(启源大道西50米),1,2,4
广州,10月,17号线起点,1,1,18
广州,10月,3号样线起点,1,1,13
广州,10月,5号样线起点,1,1,23
广州,10月,“佛山”石牌坊(广州市越秀区),1,1,5
广州,10月,一帆水产十四涌基地,1,1,8
广州,10月,万环西路与渔港大道交叉口(广州市南沙区),1,1,9
广州,10月,上涌果树公园(海珠区新滘西路68号),1,1,6
广州,10月,东方文德广场,1,1,1
广州,10月,中国石油广州培训中心,1,1,5
广州,10月,中国科学院广州生物医药与健康研究院,1,1,6
广州,10月,中山大学(广州校区东校园),1,1,1
广州,10月,中新广州知识城九龙湖,1,1,12
广州,10月,丹邱-深冚,1,1,31
广州,10月,乌涌,1,1,11
广州,10月,乌石村,1,1,47
广州,10月,二十涌,1,1,25
广州,10月,云台花园,1,1,2
广州,10月,云山南路(广州市白云区),1,1,4
广州,10月,从化区石门国家森林公园(桃源路东200米),1,1,4
广州,10月,从化温泉镇,1,1,1
广州,10月,低涌[地铁站],1,1,1
广州,10月,前哨队(广州市南沙区),1,1,5
广州,10月,十八涌鱼村,1,1,37
广州,10月,十六涌,1,1,19
广州,10月,十六涌草场,1,1,4
广州,10月,十四涌,1,1,1
广州,10月,华南农业大学,1,1,3
广州,10月,华南农业大学–树木园,1,1,9
广州,10月,华南师范大学(广州校区石牌校园)-图书馆,1,1,1
广州,10月,华南师范大学(广州校区石牌校园)文化广场,1,1,2
广州,10月,华南师范大学(石牌校区)荷花湖,1,1,16
广州,10月,华南植物园 华植,1,1,14
广州,10月,南沙19涌,1,1,1
广州,10月,南沙区一帆水产四倍体鲫鱼苗种基地,1,1,38
广州,10月,南沙区一帆水产四倍体鲫鱼苗种基地东北100米,1,1,15
广州,10月,南沙区一帆水产四倍体鲫鱼苗种基地东北150米,1,1,19
广州,10月,南沙区一帆水产四倍体鲫鱼苗种基地东南900米,1,1,27
广州,10月,南沙区中铁十七局集团南中高速TJ08标试验室东北,1,1,53
广州,10月,南沙区中铁十七局集团南中高速TJ08标试验室西南,1,1,10
广州,10月,南沙区明珠湾桥西南150米(新港大道西),1,1,3
广州,10月,南沙区滨海沙滩(海滨路南200米),1,1,4
广州,10月,南沙区珠江街道仁隆围,1,1,16
广州,10月,南沙区珠江街道福生围,1,1,6
广州,10月,南沙区神秘果鱼塘南100米(G4W东),1,1,20
广州,10月,南沙区融通大厦东50米(蕉西路),1,1,13
广州,10月,南沙十九涌(海翔路),1,1,10
广州,10月,南沙十九涌渔人码头,1,1,19
广州,10月,南沙十九涌渔人码头(南沙区X298),1,1,13
广州,10月,南沙十九涌渔人码头(海翔路北),1,1,19
广州,10月,南沙十八涌,1,1,15
广州,10月,南沙湿地(南沙联络线西),1,1,22
广州,10月,南沙湿地观景台,1,1,5
广州,10月,南沙滨海公园,1,1,9
广州,10月,南沙街道黄山鲁,1,1,17
广州,10月,增城区丹邱钓鱼场北50米,1,1,9
广州,10月,增城区大华东郡府(中川路),1,1,33
广州,10月,增城区朱村6号线,1,1,19
广州,10月,增城区朱村街丝苗米文化公园(西二新街),1,1,21
广州,10月,增城能记家庭农场北422米,1,1,9
广州,10月,增城能记家庭农场北500米,1,1,19
广州,10月,增城能记家庭农场西北200米,1,1,2
广州,10月,增城能记家庭农场西南100米,1,1,23
广州,10月,增城能记家庭农场西南300米,1,1,6
广州,10月,壹心广奥车陂涌观鸟观测1号,1,1,18
广州,10月,大夫山森林公园,1,1,19
广州,10月,大学城湾咀头湿地公园,1,1,7
广州,10月,大学城湾咀头湿地公园(大学城科普路),1,1,27
广州,10月,大山乸,1,1,3
广州,10月,大山乸森林公园-红山头路口,1,1,3
广州,10月,大沙河湿地,1,1,21
广州,10月,天人山水景区-大地艺术园,1,1,14
广州,10月,天河区火炉山森林公园荷花池(火炉山北路西),1,1,4
广州,10月,天鹿湖森林公园,1,1,3
广州,10月,太子坑森林公园,1,1,10
广州,10月,太子森林公园,1,1,19
广州,10月,孖髻岭(广州市白云区),1,1,5
广州,10月,安山村村民委员会,1,1,2
广州,10月,小白云山-增城区永宁,1,1,12
广州,10月,帽峰山森林公园-天湖,1,1,7
广州,10月,广东从昇新能源科技有限公司,1,1,3
广州,10月,广东实验中学,1,1,2
广州,10月,广州医科大学(番禺校区),1,1,5
广州,10月,广州南沙湿地,1,1,5
广州,10月,广州增城丝苗米稻田公园（9号线）,1,1,16
广州,10月,广州外国语学校附属学校,1,1,1
广州,10月,广州大学,1,1,2
广州,10月,广州大学(黄埔校区)西北,1,1,1
广州,10月,广州天省实验学校,1,1,9
广州,10月,广州市天河区车陂涌,1,1,20
广州,10月,广州市第二中学(科学城校区),1,1,1
广州,10月,广州市第五中学(同福东校区),1,1,1
广州,10月,广州市诚一水产养殖有限公司南沙基地,1,1,29
广州,10月,广州市车大元帅府,1,1,2
广州,10月,广州文化公园,1,1,12
广州,10月,广州海珠国家湿地公园+海珠湖,1,1,6
广州,10月,广州海珠国家湿地公园-二期,1,1,1
广州,10月,广州海珠国家湿地公园二期,1,1,28
广州,10月,广州润帛服饰工厂,1,1,1
广州,10月,广州火炉山森林公园,1,1,7
广州,10月,广州白云湖公园,1,1,12
广州,10月,广州融创文旅城(广州市花都区曙光路东侧),1,1,1
广州,10月,广州长隆野生动物世界,1,1,3
广州,10月,摩云路,1,1,18
广州,10月,朱村街丝苗米文化公园（17号线）,1,1,16
广州,10月,朱村街道,1,1,21
广州,10月,朱村黄胸鵐6号线起点,1,1,21
广州,10月,朱村黄胸鹀调查5号线起点,1,1,13
广州,10月,桃花涧,1,1,4
广州,10月,流花湖公园(越秀区东风西路163号),1,1,4
广州,10月,流花湖公园-榕岛,1,1,8
广州,10月,流花茶艺城(流花湖公园店),1,1,11
广州,10月,流花西苑,1,1,20
广州,10月,海心沙广场,1,1,1
广州,10月,海洋雅苑,1,1,6
广州,10月,海滨路,1,1,11
广州,10月,海珠湿地二期,1,1,28
广州,10月,海珠湿地公园内,1,1,18
广州,10月,火炉山,1,1,7
广州,10月,火炉山森林公园荷花池(广州市天河区),1,1,8
广州,10月,火炉山森林公园鸡枕石,1,1,8
广州,10月,火炉山荷花池,1,1,1
广州,10月,燕山(广州市黄埔区),1,1,10
广州,10月,番禺区石楼镇二围,1,1,1
广州,10月,白云区同和街道下坑,1,1,10
广州,10月,白云区帽峰山森林公园,1,1,8
广州,10月,白云区雕塑公园(下塘西路西),1,1,4
广州,10月,白云山风景名胜区(摩云路),1,1,11
广州,10月,白云山风景名胜区-茶趣园,1,1,22
广州,10月,白云山风景名胜区-龙虎岗,1,1,11
广州,10月,白云山风景名胜区伍仙桥门,1,1,6
广州,10月,白云山风景名胜区山顶公园,1,1,1
广州,10月,白云山风景名胜区龙虎岗,1,1,18
广州,10月,白云山龙虎岗猛禽监测点,1,1,17
广州,10月,白水山森林公园,1,1,5
广州,10月,白石山,1,1,7
广州,10月,盈翠公园,1,1,5
广州,10月,石门森林公园,1,1,9
广州,10月,秀水村新围,1,1,3
广州,10月,罗波头,1,1,7
广州,10月,罗波头(广州市增城区),1,1,30
广州,10月,罗裙,1,1,16
广州,10月,芙蓉省级旅游度假区,1,1,6
广州,10月,花都湖公园,1,1,8
广州,10月,花都湿地公园,1,1,10
广州,10月,芳村地铁站(芳村大道),1,1,4
广州,10月,荔湾梁氏宗祠,1,1,2
广州,10月,荔湾湖公园,1,1,2
广州,10月,越秀公园(越秀绿道北50米),1,1,1
广州,10月,越秀公园-越秀山,1,1,13
广州,10月,越秀区东山湖公园(东湖路东),1,1,16
广州,10月,越秀区东风西流花湖公园榕岛西50米(东风西路北),1,1,8
广州,10月,越秀区广州博物馆(镇海楼展区),1,1,3
广州,10月,越秀区流花西郊大厦B座南50米(中展里南),1,1,1
广州,10月,越秀区烈士陵园地铁站C口(中山三路北),1,1,2
广州,10月,越秀区黄花岗公园(团结路东150米),1,1,7
广州,10月,金坑水库,1,1,20
广州,10月,金沙洲恒大绿洲江边公园,1,1,7
广州,10月,金沙洲浔峰山生态公园,1,1,4
广州,10月,金沙洲浔峰岗生态公园,1,1,3
广州,10月,钢筋配送中心西南(渔港大道),1,1,12
广州,10月,银排岭公园,1,1,1
广州,10月,长隆飞鸟乐园(广州市番禺区大石镇海堤路),1,1,10
广州,10月,阅山湖,1,1,4
广州,10月,阿婆六茶花谷,1,1,4
广州,10月,雕塑公园(广州市白云区下塘西路545号),1,1,3
广州,10月,麓湖-鸿鹄楼,1,1,11
广州,10月,麓湖鸿鹄楼(越秀区簏湖公园聚芳园内),1,1,10
广州,10月,黄埔区新龙镇汤村,1,1,1
广州,10月,黄埔区瓦壶岗公园(中山大道东南50米),1,1,3
广州,10月,黄埔区长岭街道岭头村,1,1,23
广州,10月,黄埔油麻山森林公园,1,1,7
广州,10月,黄山鲁森林公园丽云亭,1,1,3
广州,10月,龙新村(广州市增城区),1,1,35
广州,10月,龙洞筲箕窝,1,1,2
广州,10月,龙眼洞森林公园,1,1,23
广州,11月,珠江公园,144,192,22
广州,11月,浔峰山生态公园,130,215,33
广州,11月,华南师范大学(石牌校区),104,106,19
广州,11月,朱村,53,68,51
广州,11月,中山大学(广州校区南校园),33,52,25
广州,11月,流花湖公园,26,31,33
广州,11月,白云山风景名胜区,23,30,38
广州,11月,华南师范大学(石牌校区)荷花湖,23,23,11
广州,11月,广州雕塑公园,21,23,18
广州,11月,天河公园,21,21,22
广州,11月,花城广场,19,21,6
广州,11月,黄山鲁森林公园,16,20,25
广州,11月,华南师范大学(广州校区石牌校园)文化广场,16,16,15
广州,11月,广州珠江公园,16,16,18
广州,11月,火炉山森林公园,15,15,19
广州,11月,南沙十九涌,14,18,41
广州,11月,越秀公园,14,15,24
广州,11月,中国科学院华南植物园,13,13,51
广州,11月,珠江公园(广州市天河区金穗路900),11,15,25
广州,11月,增城太子坑森林公园,11,11,47
广州,11月,华南农业大学(天河区五山路483号),10,11,16
广州,11月,洪奇门,10,10,27
广州,11月,广州增城丝苗米稻田公园,9,10,38
广州,11月,越秀公园(镇海路北200米),9,10,17
广州,11月,华南师范大学(广州校区石牌校园),9,9,12
广州,11月,海珠湖,9,9,22
广州,11月,流花湖公园(广州市越秀区东风西路163),8,11,25
广州,11月,前哨队,8,8,37
广州,11月,广州起义烈士陵园,8,8,13
广州,11月,白石山,8,8,20
广州,11月,麓湖公园,7,8,20
广州,11月,麓湖公园(广州市越秀区),7,8,23
广州,11月,晓港公园,7,7,14
广州,11月,火炉山森林公园-东北门,6,10,23
广州,11月,广州市天河区珠江公园,6,7,12
广州,11月,黄山鲁森林公园-观景亭,6,7,19
广州,11月,十八涌(广州市南沙区),6,6,31
广州,11月,南沙湿地,6,6,29
广州,11月,大学城湾咀头湿地公园,6,6,26
广州,11月,海珠湿地公园,6,6,24
广州,11月,金沙洲浔峰山生态公园,5,11,16
广州,11月,白云区金沙街道金钟岗,5,7,9
广州,11月,一帆水产四倍体鲫鱼苗种基地,5,6,31
广州,11月,盈翠公园和善坑顶公园,5,6,35
广州,11月,天河区珠江公园(花城大道北),5,5,11
广州,11月,广州华南植物园,5,5,16
广州,11月,广州市白云区龙虎岗,5,5,23
广州,11月,海珠湖公园,5,5,27
广州,11月,盈翠公园,5,5,24
广州,11月,广州市增城区丝苗米省级现代农业产业园,4,7,37
广州,11月,丹邱村(荔城大道),4,5,51
广州,11月,贝岗湿地公园,4,5,18
广州,11月,华南师大 石牌,4,4,10
广州,11月,南沙区一帆水产四倍体鲫鱼苗种基地,4,4,38
广州,11月,天河区珠江公园(甲子路北),4,4,4
广州,11月,天河区珠江公园(金穗路南),4,4,8
广州,11月,天河区石牌华师附中游泳馆(中山大道西北),4,4,2
广州,11月,抱珠楼,4,4,12
广州,11月,海珠湖(广州市海珠区新滘中路168号),4,4,28
广州,11月,南沙十九涌渔人码头,3,5,32
广州,11月,海珠国家湿地公园海珠湖,3,4,23
广州,11月,创业公园,3,3,18
广州,11月,南沙区万顷沙镇大沙,3,3,38
广州,11月,增城能记家庭农场,3,3,30
广州,11月,天河区火炉山森林公园荷花池(火炉山北路西),3,3,15
广州,11月,广州市增城区现代化农业基地,3,3,29
广州,11月,石门森林公园,3,3,16
广州,11月,金沙洲浔峰岗生态公园,3,3,14
广州,11月,长隆野生动物世界,3,3,6
广州,11月,龙虎岗,3,3,19
广州,11月,白水山森林公园,2,6,36
广州,11月,黄埔油麻山森林公园,2,4,30
广州,11月,大学城中心湖公园,2,3,7
广州,11月,星河湾,2,3,13
广州,11月,温泉宾馆白石山,2,3,11
广州,11月,苏元山(广州市黄埔区),2,3,28
广州,11月,香港科技大学(广州),2,3,21
广州,11月,中国科学院华南国家植物园(广州市天河区),2,2,27
广州,11月,中国科学院华南植物园(广州市天河区),2,2,23
广州,11月,二十涌海边,2,2,24
广州,11月,凤凰湖,2,2,10
广州,11月,前哨队(广州市南沙区),2,2,27
广州,11月,华南农业大学-树木园,2,2,6
广州,11月,华南师范大学,2,2,2
广州,11月,南沙区榄核镇子沙堂,2,2,15
广州,11月,周岭坳-香雪环线,2,2,20
广州,11月,增城丝苗米产业园水翁树,2,2,11
广州,11月,增城能记家庭农场西南50米(东溪路北),2,2,16
广州,11月,大夫山森林公园,2,2,22
广州,11月,天河大观湿地公园,2,2,5
广州,11月,广州中医药大学(大学城校区),2,2,10
广州,11月,广州医科大学(番禺校区),2,2,23
广州,11月,广州市海珠区的湿地公园,2,2,17
广州,11月,广州英豪学校,2,2,27
广州,11月,广州起义烈士陵园(越秀区中山二路92号),2,2,10
广州,11月,暨南大学(广州石牌校区),2,2,9
广州,11月,暨南大学(石牌校区),2,2,1
广州,11月,洪奇门(广州市南沙区),2,2,17
广州,11月,海珠国家湿地公园,2,2,20
广州,11月,火炉山森林公园(广州市天河区岑村),2,2,9
广州,11月,火炉山荷花池,2,2,14
广州,11月,罗波头,2,2,28
广州,11月,花城汇,2,2,15
广州,11月,起义烈士陵园(越秀区中山二路92号),2,2,10
广州,11月,番禺区石碁镇新涌,1,10,6
广州,11月,低涌[地铁站],1,8,16
广州,11月,员村,1,6,10
广州,11月,花城广场自留地,1,4,3
广州,11月,东山湖公园,1,3,5
广州,11月,二沙岛传祺公园,1,3,12
广州,11月,番禺区石楼镇沙尾,1,3,12
广州,11月,公坑顶,1,2,26
广州,11月,十九涌半,1,2,13
广州,11月,南沙区领南星河荣誉(规划横一路西100米),1,2,13
广州,11月,子沙堂,1,2,11
广州,11月,岭南新世界(白云区白云大道北1689号),1,2,7
广州,11月,广州融创乐园停车场-入口,1,2,8
广州,11月,梅花岭(广州市黄埔区),1,2,18
广州,11月,浔峰岗生态公园,1,2,8
广州,11月,燕山(广州市黄埔区),1,2,7
广州,11月,番禺区东沙村天桥甜蜜蜜草莓园(光明北路西),1,2,12
广州,11月,番禺区广物奥迪广东粤奥汽车销售服务有限公司东,1,2,1
广州,11月,良口镇溪头村,1,2,30
广州,11月,陈田花园,1,2,14
广州,11月,一帆水产十四涌基地,1,1,5
广州,11月,一帆水产四倍体鲫鱼苗种基地东南142米,1,1,24
广州,11月,上涌果树公园(海珠区新滘西路68号),1,1,6
广州,11月,东山湖公园(广州市越秀区东湖路123),1,1,6
广州,11月,丝苗米省级现代农业产业园,1,1,23
广州,11月,中国科学院华南国家植物园西门停车场,1,1,25
广州,11月,中山大学(广州校区东校园),1,1,17
广州,11月,中山大学南校区,1,1,5
广州,11月,中山大道收费站(出口方向),1,1,1
广州,11月,中心湖公园,1,1,12
广州,11月,丹邱村,1,1,38
广州,11月,丹邱村委会,1,1,11
广州,11月,二十涌,1,1,15
广州,11月,云溪生态公园,1,1,4
广州,11月,云溪生态公园(白云大道南1038号),1,1,9
广州,11月,五羊雕像,1,1,1
广州,11月,五龙谷(广州市白云区),1,1,6
广州,11月,从化五指山景区,1,1,25
广州,11月,从化桂峰村,1,1,32
广州,11月,从化温泉镇,1,1,5
广州,11月,从化溪头村+下溪村+鸡枕山,1,1,35
广州,11月,健康管理大楼,1,1,4
广州,11月,元贝(广州市黄埔区),1,1,12
广州,11月,十九涌,1,1,13
广州,11月,十九涌湿地,1,1,17
广州,11月,十八涌,1,1,11
广州,11月,千寻农庄·汘鲟窑鸡,1,1,3
广州,11月,华南农业大学,1,1,10
广州,11月,华南农业大学–树木园,1,1,5
广州,11月,华南农业大学树木园,1,1,5
广州,11月,华南国家植物园-兰园,1,1,1
广州,11月,华南师范大学附属中学(天河路),1,1,4
广州,11月,华南植物园-植树活动现场(生物园),1,1,15
广州,11月,华南理工大学(大学城校区)琴湖,1,1,13
广州,11月,华南理工大学(广州国际校区),1,1,6
广州,11月,南方大厦,1,1,7
广州,11月,南沙区一帆水产四倍体鲫鱼苗种基地东200米,1,1,28
广州,11月,南沙区好运来荔枝采摘园东南50米,1,1,7
广州,11月,南沙区榄核镇二靴口,1,1,9
广州,11月,南沙区黄阁镇莲溪村委会南(莲丰路南),1,1,7
广州,11月,南沙十九涌(广州市南沙区海翔路),1,1,6
广州,11月,南沙水鸟世界生态园(新港大道东),1,1,5
广州,11月,南沙湿地及周,1,1,37
广州,11月,南沙滨海绿道湿地公园,1,1,9
广州,11月,古田(广州市从化区),1,1,5
广州,11月,合生极道水上运动综合体,1,1,11
广州,11月,周岭坳,1,1,13
广州,11月,回归林,1,1,16
广州,11月,增城区朱村街道新河,1,1,23
广州,11月,增城区朱村街道新河村,1,1,23
广州,11月,增城区白水山森林公园东北100米(Y393东),1,1,8
广州,11月,增城区石滩镇元洲村,1,1,14
广州,11月,增城区石滩镇塘头水库,1,1,34
广州,11月,增城能记家庭农场(增城区龙新村东南),1,1,23
广州,11月,增城能记家庭农场南300米,1,1,9
广州,11月,大岗,1,1,23
广州,11月,大沙河湿地,1,1,8
广州,11月,大湾区中央湿地公园南沙湿地公园停车场东南,1,1,4
广州,11月,大金钟水库,1,1,7
广州,11月,天河公园(天府路东300米),1,1,12
广州,11月,天河公园(广州市天河区中山大道270号),1,1,6
广州,11月,天河公园-西门,1,1,8
广州,11月,天河公园锦鲤湖,1,1,13
广州,11月,天河区中国科学院华南国家植物园(山茶路西50米),1,1,17
广州,11月,天河区五山广州天河岭南中英文学校(翰景街),1,1,2
广州,11月,天河区休息平台(火炉山北路西),1,1,7
广州,11月,太子森林公园,1,1,17
广州,11月,子沙围村,1,1,23
广州,11月,子沙圍村,1,1,11
广州,11月,子沙村,1,1,12
广州,11月,子沙村2队,1,1,20
广州,11月,帽丰甜橙农庄,1,1,20
广州,11月,帽峰山森林公园,1,1,4
广州,11月,广东工业大学(龙洞校区),1,1,6
广州,11月,广东生态工程职业学院(广汕一路297号),1,1,4
广州,11月,广东省博物馆,1,1,1
广州,11月,广东省广州市南沙区凤凰大道,1,1,3
广州,11月,广州中学(五山校区),1,1,1
广州,11月,广州动物园南门,1,1,9
广州,11月,广州医科大学附属第二医院,1,1,8
广州,11月,广州协和学校,1,1,12
广州,11月,广州南沙前哨队,1,1,68
广州,11月,广州南沙湿地公园,1,1,2
广州,11月,广州大学,1,1,23
广州,11月,广州大山里农业发展有限公司,1,1,5
广州,11月,广州大观湿地公园,1,1,12
广州,11月,广州天省实验学校,1,1,9
广州,11月,广州市儿童公园,1,1,12
广州,11月,广州市增城区丝苗米稻田公园,1,1,16
广州,11月,广州市增城区太寺坑林场(广东太子森林公园)东南,1,1,17
广州,11月,广州市增城区小楼中学,1,1,3
广州,11月,广州市天河区车陂涌,1,1,17
广州,11月,广州市执信中学(天河校区),1,1,13
广州,11月,广州市海心训练基地,1,1,1
广州,11月,广州市海珠湖公园,1,1,11
广州,11月,广州市第五中学(同福东校区),1,1,10
广州,11月,广州市荔湾区青少年劳动技校(白云区),1,1,20
广州,11月,广州海珠国家湿地公园,1,1,1
广州,11月,广州海珠国家湿地公园二期,1,1,29
广州,11月,广州番禺职业技术学院,1,1,10
广州,11月,广州白云湖公园,1,1,11
广州,11月,广州美术学院(大学城校区)-南门,1,1,23
广州,11月,广州荔圃温泉酒店,1,1,2
广州,11月,广州黄埔君澜酒店,1,1,20
广州,11月,建泉自来水工程有限公司(广州市番禺区),1,1,9
广州,11月,新塘万田生态公园,1,1,16
广州,11月,新港大道,1,1,29
广州,11月,桂峰村广州市从化区,1,1,6
广州,11月,流溪河水库五指山三桠塘,1,1,9
广州,11月,流花湖公园-鹭岛,1,1,2
广州,11月,流花湖公园鹭岛正面观鸟位,1,1,9
广州,11月,流花茶艺城(流花湖公园店),1,1,24
广州,11月,流花西苑,1,1,19
广州,11月,海珠区广州海珠国家湿地公园(二期),1,1,24
广州,11月,海珠区晓港沧海遗礁(东晓路西),1,1,2
广州,11月,海珠区琶洲北岛创意园北(新港东路北),1,1,8
广州,11月,海珠国家湿地公园-海珠湖,1,1,17
广州,11月,海珠湖(新滘中路与江海大道交叉口西南角),1,1,29
广州,11月,海珠湿地2期,1,1,27
广州,11月,海珠湿地三期-南门,1,1,4
广州,11月,海珠湿地二期,1,1,31
广州,11月,海珠湿地公园二期,1,1,22
广州,11月,清风半两·丝苗里(民宿酒店),1,1,6
广州,11月,渔港大道渔场,1,1,16
广州,11月,港头村古村落,1,1,14
广州,11月,火炉山森林公园(火炉山南路),1,1,16
广州,11月,火炉山森林公园-南门,1,1,26
广州,11月,火炉山森林公园荷花池,1,1,15
广州,11月,王子山森林公园,1,1,10
广州,11月,珠江公园-西门,1,1,8
广州,11月,珠江公园——木兰园,1,1,17
广州,11月,瓦壶岗公园,1,1,12
广州,11月,番禺莲花山,1,1,8
广州,11月,白云中央湿地,1,1,7
广州,11月,白云区山园林局茶场东南100米(云山北路南),1,1,9
广州,11月,白云区拦河坝大桥东,1,1,10
广州,11月,白云区浔峰山东路(浔峰御金沙园),1,1,6
广州,11月,白云区浔峰阁,1,1,7
广州,11月,白云启德康养院(养老院),1,1,9
广州,11月,白云山风景名胜区华美麓湖高尔夫俱乐部,1,1,6
广州,11月,白云湖公园,1,1,5
广州,11月,白江湖森林公园,1,1,1
广州,11月,白洞水库,1,1,13
广州,11月,石基村草围,1,1,18
广州,11月,石牙顶天坑,1,1,11
广州,11月,罗波,1,1,14
广州,11月,良口镇糖料村（广州国家版本馆）,1,1,5
广州,11月,艾米稻香小镇,1,1,20
广州,11月,花城汇·中区,1,1,1
广州,11月,芳村地铁站(芳村大道),1,1,2
广州,11月,荔湾区增涉公园,1,1,9
广州,11月,蟹山公园,1,1,5
广州,11月,越秀区东湖珠江宾馆(寺右一马路南),1,1,8
广州,11月,越秀区流花湖公园鹭岛东南50米(中展里南),1,1,1
广州,11月,越秀区流花西郊大厦B座南(中展里南),1,1,1
广州,11月,越秀山(解放北路988号越秀公园内),1,1,13
广州,11月,金沙洲恒大绿洲江边公园,1,1,10
广州,11月,钢筋配送中心,1,1,6
广州,11月,银林生态农场(广州市从化区银林村委附近),1,1,2
广州,11月,长洲岛,1,1,9
广州,11月,长洲岛.中山公园,1,1,4
广州,11月,长隆飞鸟乐园(广州市番禺区大石镇海堤路),1,1,7
广州,11月,雕塑公园(广州市越秀区下塘西路545号),1,1,7
广州,11月,马仔山公园,1,1,3
广州,11月,马溪公园,1,1,5
广州,11月,鸡枕山,1,1,26
广州,11月,麓湖公园(广州市越秀区白云山麓湖景区),1,1,1
广州,11月,麓湖公园聚芳园,1,1,4
广州,11月,黄埔中心城区市民公园,1,1,21
广州,11月,黄埔公园,1,1,6
广州,11月,黄埔区台一铜业(广州)有限公司,1,1,12
广州,11月,黄埔区狮山公园(狮山路西100米),1,1,4
广州,11月,黄埔区维也纳国际酒店(广州萝岗万达广场店),1,1,9
广州,11月,黄婆洞水库,1,1,4
广州,12月,朱村,73,92,54
广州,12月,流花湖公园,73,82,30
广州,12月,广州起义烈士陵园,46,49,19
广州,12月,白云山风景名胜区,39,47,44
广州,12月,浔峰山生态公园,34,37,28
广州,12月,萝岗香雪公园,28,30,16
广州,12月,盈翠公园,19,24,24
广州,12月,广州雕塑公园,19,19,9
广州,12月,东山湖公园,14,14,20
广州,12月,流花湖公园(广州市越秀区东风西路163),13,15,19
广州,12月,白石山,13,15,29
广州,12月,南沙十九涌,12,12,31
广州,12月,花城广场,11,13,9
广州,12月,晓港公园,11,11,10
广州,12月,起义烈士陵园,11,11,17
广州,12月,珠江公园,10,14,12
广州,12月,广州增城丝苗米稻田公园,9,12,26
广州,12月,中国科学院华南植物园,9,9,18
广州,12月,越秀公园,9,9,17
广州,12月,火炉山森林公园,8,8,33
广州,12月,越秀区东风西流花湖公园榕岛东北(康王北路北),8,8,15
广州,12月,二十涌,7,7,26
广州,12月,中山大学(广州校区南校园),6,6,17
广州,12月,麓湖公园,6,6,20
广州,12月,麓湖公园(广州市越秀区),6,6,18
广州,12月,增城能记家庭农场,5,6,38
广州,12月,前哨队,5,5,32
广州,12月,前哨队(广州市南沙区),5,5,40
广州,12月,天河公园,5,5,17
广州,12月,中心湖公园,4,5,16
广州,12月,广州起义烈士陵园(越秀区中山二路92号),4,5,21
广州,12月,贝岗湿地公园,4,5,15
广州,12月,龙新村(广州市增城区),4,5,31
广州,12月,南沙湿地,4,4,45
广州,12月,子沙堂,4,4,20
广州,12月,烈士陵园,4,4,16
广州,12月,雕塑公园,4,4,14
广州,12月,广州流花湖公园,3,5,21
广州,12月,二十涌海边,3,3,37
广州,12月,云溪植物园,3,3,16
广州,12月,华南国家植物园,3,3,17
广州,12月,南沙区珠江街道仁隆围,3,3,19
广州,12月,回归林(云山北路),3,3,16
广州,12月,广州南沙湿地公园,3,3,17
广州,12月,广州市天河区华南植物园,3,3,16
广州,12月,永安二街三巷,3,3,14
广州,12月,汇彩路附近河涌,3,3,5
广州,12月,流花湖公园-榕岛,3,3,6
广州,12月,海珠湖,3,3,11
广州,12月,海珠湖公园,3,3,17
广州,12月,海珠湿地公园,3,3,19
广州,12月,火炉山荷花池,3,3,8
广州,12月,白水山森林公园,3,3,31
广州,12月,罗波头,3,3,61
广州,12月,蕉门公园-蕉门河景区,3,3,16
广州,12月,起义烈士陵园(越秀区中山二路92号),3,3,8
广州,12月,长洲岛,3,3,24
广州,12月,东山湖公园-南门,2,3,11
广州,12月,中山大学(广州校区东校园),2,3,15
广州,12月,洪奇门,2,3,12
广州,12月,盈翠公园和善坑顶公园,2,3,27
广州,12月,罗波,2,3,37
广州,12月,金沙洲浔峰山生态公园,2,3,19
广州,12月,隆平院士港,2,3,13
广州,12月,上涌果树公园(海珠区新滘西路68号),2,2,12
广州,12月,东山湖公园(广州市越秀区东湖路123),2,2,5
广州,12月,中交第四航务工程局全民文化体育综合体项目经理部,2,2,20
广州,12月,中国民生银行(桃园东路),2,2,3
广州,12月,丹邱村(荔城大道),2,2,33
广州,12月,华南理工大学(广州国际校区),2,2,20
广州,12月,南沙区榄核镇四沙,2,2,47
广州,12月,南沙十九涌渔人码头,2,2,20
广州,12月,南沙渔港大道,2,2,48
广州,12月,回归林西北(云山北路),2,2,10
广州,12月,增城太子坑森林公园,2,2,23
广州,12月,大夫山森林公园,2,2,5
广州,12月,广州华南植物园,2,2,19
广州,12月,广州南沙前哨队,2,2,16
广州,12月,广州市儿童公园,2,2,7
广州,12月,广州市增城区丝苗米省级现代农业产业园,2,2,21
广州,12月,广州杨桃公园,2,2,1
广州,12月,流溪河国家森林公园,2,2,10
广州,12月,海珠湖(广州市海珠区新滘中路168号),2,2,26
广州,12月,珠江公园(广州市天河区金穗路900),2,2,17
广州,12月,白云区雕塑公园(下塘西路西),2,2,5
广州,12月,白水寨风景名胜区,2,2,6
广州,12月,罗波头(广州市增城区),2,2,37
广州,12月,越秀区流花湖公园鹭岛(中展里南),2,2,28
广州,12月,長洲島,2,2,26
广州,12月,长隆野生动物世界,2,2,5
广州,12月,高埔水库,2,2,33
广州,12月,广州亚运城,1,7,8
广州,12月,天马河公园,1,4,3
广州,12月,花城广场自留地,1,4,2
广州,12月,黄埔区长洲岛环岛绿道,1,4,10
广州,12月,三百洞村,1,3,27
广州,12月,员村,1,3,8
广州,12月,增城区石滩镇塘头水库,1,3,30
广州,12月,增城区西境水库东100米,1,3,14
广州,12月,榄核镇,1,3,25
广州,12月,南方医科大学,1,2,6
广州,12月,增埗公园,1,2,7
广州,12月,天河区龙逸山庄,1,2,10
广州,12月,广州中医药大学(大学城校区),1,2,9
广州,12月,广州科技职业技术大学(广州校区),1,2,11
广州,12月,暨南大学(番禺校区),1,2,8
广州,12月,海珠区琶洲北岛创意园北(新港东路北),1,2,10
广州,12月,燕山(广州市黄埔区),1,2,10
广州,12月,黄埔油麻山森林公园,1,2,27
广州,12月,黄山鲁森林公园,1,2,12
广州,12月,Captain東山,1,1,2
广州,12月,万顷沙[地铁站],1,1,9
广州,12月,上罗村,1,1,19
广州,12月,东圃美林湖畔花园绿道,1,1,8
广州,12月,中国人民解放军南部战区总医院,1,1,3
广州,12月,中国科学院-华南植物园(科研区),1,1,10
广州,12月,中国科学院华南植物园(广州市天河区),1,1,15
广州,12月,丹枫廊桥,1,1,2
广州,12月,丹邱村官田公园,1,1,34
广州,12月,二十涌海边(二十涌海边新港大道东50米),1,1,16
广州,12月,云山南路(广州市白云区),1,1,4
广州,12月,云萝植物园,1,1,5
广州,12月,五山,1,1,12
广州,12月,亲水瀑布公园,1,1,22
广州,12月,人民公园,1,1,2
广州,12月,仁隆围,1,1,10
广州,12月,从化区吕田镇桂峰村,1,1,48
广州,12月,从化区太平镇马仔头,1,1,6
广州,12月,从化区白石山(温泉西路六巷东),1,1,12
广州,12月,从化温泉镇,1,1,6
广州,12月,光强盆景花木场,1,1,6
广州,12月,凤凰湖公园,1,1,14
广州,12月,创业公园(广州市黄埔区科学城水西路),1,1,20
广州,12月,创新公园(广州市黄埔区开源大道),1,1,9
广州,12月,十九涌半,1,1,5
广州,12月,十九涌湿地,1,1,20
广州,12月,十八涌(广州市南沙区),1,1,5
广州,12月,十八罗汉山森林公园,1,1,6
广州,12月,华南农业大学-湿地公园,1,1,11
广州,12月,华南农业大学–试验田,1,1,10
广州,12月,华南农业大学树木园,1,1,6
广州,12月,华南国家植物园-l,1,1,21
广州,12月,华南师范大学(大学城校区),1,1,15
广州,12月,华南师范大学(广州校区大学城校园),1,1,14
广州,12月,华南师范大学(石牌校区),1,1,2
广州,12月,华南师范大学(石牌校区)荷花湖,1,1,1
广州,12月,华南理工大学(大学城校区),1,1,19
广州,12月,南沙区侨益龙穴岛仓孖沙三涌,1,1,12
广州,12月,南沙区广东海事局广州海岸电台万顷沙基地西北400米,1,1,27
广州,12月,南沙区榄核镇子沙堂,1,1,13
广州,12月,南沙区珠江街道新中和,1,1,2
广州,12月,南沙区界河桥站公交站东200米(鸡抱沙北路北),1,1,13
广州,12月,南沙区领南星河荣誉(规划横一路西100米),1,1,9
广州,12月,南沙十九涌(广州市南沙区海翔路),1,1,36
广州,12月,南沙十九涌(海翔路),1,1,13
广州,12月,南沙湿地公园-南沙十九涌,1,1,7
广州,12月,南沙湿地公园游客服务中心(新港大道东),1,1,9
广州,12月,南沙湿地收费站(入口方向),1,1,1
广州,12月,南航广州产教融合实训基地,1,1,19
广州,12月,启尚艺术园,1,1,12
广州,12月,增城丝苗米产业园水翁树,1,1,24
广州,12月,增城区G324(朱村地铁站),1,1,30
广州,12月,增城区朱村街道丹邱村钟屋,1,1,15
广州,12月,增城区朱村街道官田,1,1,23
广州,12月,增城区朱村街道新河,1,1,9
广州,12月,增城区石滩镇新谢,1,1,16
广州,12月,增城文化公园景区-荔枝文化公园,1,1,9
广州,12月,增城能记家庭农场(增城区龙新村东南),1,1,12
广州,12月,增城能记家庭农场东150米(墩岗东北路北),1,1,35
广州,12月,增城能记家庭农场西南300米,1,1,44
广州,12月,增城能记家庭农场西南50米(东溪路北),1,1,15
广州,12月,增塘水库,1,1,14
广州,12月,大学城中心湖公园,1,1,11
广州,12月,大岭头(广州市从化区),1,1,1
广州,12月,大敦村湾头,1,1,15
广州,12月,大湾区中央湿地公园,1,1,32
广州,12月,天河公园西门东150米(天府路东),1,1,7
广州,12月,天河区东圃壹鸽轩饭店门口河边,1,1,5
广州,12月,天河区东圃广州天河合景福朋喜来登酒店西(汇彩路西),1,1,1
广州,12月,天河区东圃美林湖畔花园东(桃园东路东),1,1,2
广州,12月,天河区中国科学院华南国家植物园(杜鹃路南),1,1,1
广州,12月,天河区五山广东省农业科学院北(金颖东二南街西),1,1,7
广州,12月,天河区五山广州市银河革命公墓管理处(银定塘后街东),1,1,6
广州,12月,天河区冼村花城汇南区(广州图书馆西北),1,1,2
广州,12月,天河区广州天河体育中心(天体环路东),1,1,4
广州,12月,天河区火炉山揽翠亭(火炉山南路北),1,1,3
广州,12月,天河区火炉山森林公园荷花池(火炉山北路西),1,1,6
广州,12月,天鹿湖森林公园,1,1,15
广州,12月,子沙村,1,1,16
广州,12月,子沙村2队,1,1,25
广州,12月,子沙村2队(美紫街),1,1,4
广州,12月,子沙村2队南366米,1,1,27
广州,12月,小楼镇第一中学,1,1,13
广州,12月,广东从化陈禾洞省级自然保护区管理处,1,1,9
广州,12月,广东省地图院,1,1,5
广州,12月,广东花都湖国家湿地公园,1,1,20
广州,12月,广州东山湖公园,1,1,12
广州,12月,广州医科大学附属第二医院,1,1,9
广州,12月,广州国家现代农业产业科技创新中心,1,1,7
广州,12月,广州天省实验学校,1,1,1
广州,12月,广州奥体中心,1,1,3
广州,12月,广州市南沙区九比小学(安乐街),1,1,20
广州,12月,广州市增城区小楼中学,1,1,10
广州,12月,广州市执信中学(天河校区),1,1,9
广州,12月,广州市水生野生动物保护基地,1,1,6
广州,12月,广州市第五中学(同福东校区),1,1,12
广州,12月,广州市诚一水产养殖有限公司南沙基地,1,1,9
广州,12月,广州市野生动物救护中心,1,1,1
广州,12月,广州海珠国家湿地公园+海珠湖,1,1,22
广州,12月,广州海珠国家湿地公园1期(龙潭南约万年东街四横街),1,1,2
广州,12月,广州火炉山森林公园,1,1,4
广州,12月,广州珠江公园,1,1,12
广州,12月,广州珠江帝景苑,1,1,1
广州,12月,广州碧桂园金叶子温泉度假酒店,1,1,10
广州,12月,广州科技职业技术大学(广州校区)北,1,1,22
广州,12月,广州荔圃温泉酒店,1,1,10
广州,12月,广州融创乐园停车场-入口,1,1,11
广州,12月,广州越秀公园,1,1,5
广州,12月,新港大道,1,1,15
广州,12月,星河湾,1,1,1
广州,12月,晓港公园(广州市海珠区前进路146号),1,1,1
广州,12月,智汇PARK·棠下,1,1,33
广州,12月,朱村-能记家庭农场,1,1,30
广州,12月,朱村11号线,1,1,26
广州,12月,朱村街丝苗米文化公园,1,1,31
广州,12月,朱村街丹邱村村民委员会,1,1,25
广州,12月,桃花涧,1,1,11
广州,12月,水墨园(广州市海珠区星岛环南路5号),1,1,12
广州,12月,流杯水库,1,1,23
广州,12月,流花湖公园(越秀区东风西路163号),1,1,12
广州,12月,流花湖公园-鹭岛,1,1,7
广州,12月,海珠区广州海珠国家湿地公园(二期),1,1,20
广州,12月,海珠湖观鸟岛东南150米(后滘西大街东),1,1,7
广州,12月,海鸥岛,1,1,57
广州,12月,深涌右支涌碧道,1,1,5
广州,12月,滴水岩森林公园,1,1,5
广州,12月,火炉山森林公园-东北门,1,1,8
广州,12月,火炉山森林公园-荷花池,1,1,10
广州,12月,牛角岭公园,1,1,1
广州,12月,番禺区大石中学(海堤路南100米),1,1,3
广州,12月,番禺区石楼镇东滘,1,1,13
广州,12月,番禺区钟村街道大夫山,1,1,3
广州,12月,白云区罗冲围西村水厂西北100米(高桥路东二街东),1,1,7
广州,12月,白云区金沙街道金钟岗,1,1,5
广州,12月,石门国家森林公园,1,1,18
广州,12月,石门森林公园,1,1,12
广州,12月,碧水湾,1,1,12
广州,12月,穗方源南沙丝苗米产业园示范基地,1,1,14
广州,12月,美林湖畔花园,1,1,1
广州,12月,翠竹园,1,1,12
广州,12月,良口镇糖料村（广州国家版本馆）,1,1,7
广州,12月,芙蓉嶂,1,1,1
广州,12月,芙蓉嶂风景区,1,1,18
广州,12月,花城汇,1,1,1
广州,12月,花都湖公园岭南园西北,1,1,11
广州,12月,茶趣园,1,1,2
广州,12月,蜜蜂世界詹氏蜜蜂世家,1,1,14
广州,12月,蟹山公园,1,1,1
广州,12月,西安电子科技大学广州研究院西北(方贤路),1,1,1
广州,12月,越秀区东山湖公园,1,1,15
广州,12月,越秀区东山湖公园(大通路北),1,1,14
广州,12月,越秀区东湖珠江宾馆(寺右一马路南),1,1,12
广州,12月,越秀区东风西流花湖公园(新桥直街北100米),1,1,7
广州,12月,越秀区东风西流花湖公园西南门北(新桥直街北),1,1,6
广州,12月,越秀区流花湖公园蒲林广场西北50米(康王北路北),1,1,6
广州,12月,越秀区流花湖公园观鹭台南100米(流花路南),1,1,9
广州,12月,越秀区流花湖公园雅景园(西郊大厦南),1,1,10
广州,12月,越秀区流花湖公园鹭岛东南50米(中展里南),1,1,19
广州,12月,越秀山,1,1,7
广州,12月,迳下村,1,1,5
广州,12月,金沙洲恒大绿洲江边公园,1,1,13
广州,12月,金沙洲浔峰岗生态公园,1,1,21
广州,12月,长洲岛(挞洲围街),1,1,11
广州,12月,雕塑公园云道,1,1,1
广州,12月,香港科技大学(广州),1,1,12
广州,12月,麓湖-星海园,1,1,1
广州,12月,麓湖公园(广州市越秀区白云山麓湖景区),1,1,19
广州,12月,麓湖公园内（大范围）,1,1,11
广州,12月,黄埔区南岗水闸,1,1,10
广州,12月,黄埔区发展公园(开达路西150米),1,1,16
广州,12月,黄埔区富颐华庭T区(知贤大街北),1,1,5
广州,12月,黄埔区文冲街道公山,1,1,11
广州,12月,黄埔区长岭街道岭头村,1,1,20
广州,12月,黄婆洞水库,1,1,1
广州,12月,黄山鲁,1,1,6
广州,12月,龙眼洞森林公园,1,1,1
