reportId,serial_id,state,outside_count,taxoncount,start_time,end_time,userid,username,province_name,city_name,district_name,point_name,request_id,query_province,query_city,query_district,query_pointname,query_start,query_end,query_state,query_sort_by,query_order_by,fetched_page,fetched_at
5958c267-44bb-4408-955a-caafadf64436,2025080200536,2,0,30,2025-08-02 06:00,2025-08-02 07:00,72406,陆鹿崽,广西壮族自治区,桂林市,象山区,桂林森林公园,5958c267-44bb-4408-955a-caafadf64436,广西壮族自治区,桂林市,,,2025-08-01,2025-12-31,2,serial_id,asc,1,2026-08-12T08:02:24+00:00
ec17fd69-03dd-490a-bb8a-f3e96ce74c09,2025080200537,2,0,30,2025-08-02 06:33,2025-08-02 12:33,75964,焖饼,广西壮族自治区,桂林市,象山区,广西桂林国家森林公园,ec17fd69-03dd-490a-bb8a-f3e96ce74c09,广西壮族自治区,桂林市,,,2025-08-01,2025-12-31,2,serial_id,asc,1,2026-08-12T08:02:24+00:00
5e6522b3-c71e-4476-81f8-d291773acc28,2025080200564,2,0,23,2025-08-02 07:04,2025-08-02 13:20,37521,Dylan,广西壮族自治区,桂林市,象山区,桂林森林公园,5e6522b3-c71e-4476-81f8-d291773acc28,广西壮族自治区,桂林市,,,2025-08-01,2025-12-31,2,serial_id,asc,1,2026-08-12T08:02:24+00:00
2594bca1-5ec7-480c-af01-104d50eabf40,2025080300002,2,0,9,2025-08-02 06:30,2025-08-02 13:00,62041,桂林bird,广西壮族自治区,桂林市,象山区,桂林森林公园,2594bca1-5ec7-480c-af01-104d50eabf40,广西壮族自治区,桂林市,,,2025-08-01,2025-12-31,2,serial_id,asc,1,2026-08-12T08:02:24+00:00
965f9ad7-e7b7-4652-8cd1-5b80054e77ba,2025080300512,2,0,20,2025-08-02 11:24,2025-08-03 14:00,38183,Sunny高波,广西壮族自治区,桂林市,兴安县,猫儿山国家级自然保护区,965f9ad7-e7b7-4652-8cd1-5b80054e77ba,广西壮族自治区,桂林市,,,2025-08-01,2025-12-31,2,serial_id,asc,1,2026-08-12T08:02:24+00:00
374d679e-bf44-47df-9352-64afef610ab2,2025080300949,2,0,32,2025-08-02 07:20,2025-08-03 10:50,83902,勺勺勺,广西壮族自治区,桂林市,兴安县,猫儿山国家级自然保护区,374d679e-bf44-47df-9352-64afef610ab2,广西壮族自治区,桂林市,,,2025-08-01,2025-12-31,2,serial_id,asc,1,2026-08-12T08:02:24+00:00
4bc71d66-5fc3-49be-8f0f-a5daf6a222e7,2025080301100,2,0,7,2025-08-03 16:00,2025-08-03 17:30,37521,Dylan,广西壮族自治区,桂林市,七星区,尧山,4bc71d66-5fc3-49be-8f0f-a5daf6a222e7,广西壮族自治区,桂林市,,,2025-08-01,2025-12-31,2,serial_id,asc,1,2026-08-12T08:02:24+00:00
112e71d1-80a0-46c2-9c20-3c441ccaf679,2025080400088,2,0,9,2025-08-04 06:28,2025-08-04 08:28,88080,方梓安,广西壮族自治区,桂林市,雁山区,柘木圩,112e71d1-80a0-46c2-9c20-3c441ccaf679,广西壮族自治区,桂林市,,,2025-08-01,2025-12-31,2,serial_id,asc,1,2026-08-12T08:02:24+00:00
9654f828-a658-45ae-8353-6e2c700260ff,2025080400551,2,0,20,2025-08-04 17:00,2025-08-05 16:00,11127,南宁180,广西壮族自治区,桂林市,兴安县,兴安猫儿山山里人家附近,9654f828-a658-45ae-8353-6e2c700260ff,广西壮族自治区,桂林市,,,2025-08-01,2025-12-31,2,serial_id,asc,1,2026-08-12T08:02:24+00:00
a4a224ba-4104-4e7c-b623-2a75b5b6269e,2025080500546,2,0,6,2025-08-05 17:00,2025-08-05 18:00,67252,十二声,广西壮族自治区,桂林市,象山区,桂林森林公园,a4a224ba-4104-4e7c-b623-2a75b5b6269e,广西壮族自治区,桂林市,,,2025-08-01,2025-12-31,2,serial_id,asc,1,2026-08-12T08:02:24+00:00
7cb5b21a-5c30-46be-b489-8e70decb5d1f,2025080500552,2,0,8,2025-08-05 13:00,2025-08-05 14:00,54988,gospel123,广西壮族自治区,桂林市,全州县,桂林天湖生态旅游度假区,7cb5b21a-5c30-46be-b489-8e70decb5d1f,广西壮族自治区,桂林市,,,2025-08-01,2025-12-31,2,serial_id,asc,1,2026-08-12T08:02:24+00:00
4febcf93-89aa-4659-a265-b23a64bd565c,2025080700399,2,0,5,2025-08-07 14:00,2025-08-07 15:00,55297,吉野,广西壮族自治区,桂林市,七星区,桂林尧山景区,4febcf93-89aa-4659-a265-b23a64bd565c,广西壮族自治区,桂林市,,,2025-08-01,2025-12-31,2,serial_id,asc,1,2026-08-12T08:02:24+00:00
f7b51ef1-11f7-45ab-bb5b-717a2093e410,2025080800329,2,0,3,2025-08-07 17:55,2025-08-07 18:55,67252,十二声,广西壮族自治区,桂林市,秀峰区,西山公园(桂林市秀峰区西山路2号),f7b51ef1-11f7-45ab-bb5b-717a2093e410,广西壮族自治区,桂林市,,,2025-08-01,2025-12-31,2,serial_id,asc,1,2026-08-12T08:02:24+00:00
a96600d1-2711-460f-a782-a77eafbb6909,2025080800447,2,0,10,2025-08-08 13:00,2025-08-08 14:00,67252,十二声,广西壮族自治区,桂林市,资源县,猫儿山国家级自然保护区,a96600d1-2711-460f-a782-a77eafbb6909,广西壮族自治区,桂林市,,,2025-08-01,2025-12-31,2,serial_id,asc,1,2026-08-12T08:02:24+00:00
6b9a56c5-7883-463d-b502-6549f9269e25,2025080800822,2,0,7,2025-08-08 17:30,2025-08-08 18:30,68484,milandodo,广西壮族自治区,桂林市,七星区,尧山,6b9a56c5-7883-463d-b502-6549f9269e25,广西壮族自治区,桂林市,,,2025-08-01,2025-12-31,2,serial_id,asc,1,2026-08-12T08:02:24+00:00
91595e22-f46a-49d1-8edc-ac25a66846c7,2025080900326,2,0,7,2025-08-09 10:00,2025-08-09 11:00,68285,北斗plough,广西壮族自治区,桂林市,灌阳县,龙中村,91595e22-f46a-49d1-8edc-ac25a66846c7,广西壮族自治区,桂林市,,,2025-08-01,2025-12-31,2,serial_id,asc,1,2026-08-12T08:02:24+00:00
1cc9d63d-92ef-4adf-8145-27819c5586ae,2025080901069,2,0,8,2025-08-09 11:00,2025-08-09 17:00,62041,桂林bird,广西壮族自治区,桂林市,灵川县,尧山观测点,1cc9d63d-92ef-4adf-8145-27819c5586ae,广西壮族自治区,桂林市,,,2025-08-01,2025-12-31,2,serial_id,asc,1,2026-08-12T08:02:24+00:00
0fe7d1f7-7c5a-457b-b63a-dfbd7caa6490,2025080901276,2,0,14,2025-08-09 11:00,2025-08-09 17:00,37521,Dylan,广西壮族自治区,桂林市,七星区,尧山,0fe7d1f7-7c5a-457b-b63a-dfbd7caa6490,广西壮族自治区,桂林市,,,2025-08-01,2025-12-31,2,serial_id,asc,1,2026-08-12T08:02:24+00:00
52ed2c64-9a3d-459f-a32b-c4e76f2442ef,2025081001260,2,0,6,2025-08-10 11:00,2025-08-10 13:00,57218,汤芝宜,广西壮族自治区,桂林市,兴安县,猫儿山,52ed2c64-9a3d-459f-a32b-c4e76f2442ef,广西壮族自治区,桂林市,,,2025-08-01,2025-12-31,2,serial_id,asc,1,2026-08-12T08:02:24+00:00
3528eb81-6944-4a75-8d34-e87f7c6ea950,2025081100285,2,0,9,2025-08-11 09:00,2025-08-11 10:00,54988,gospel123,广西壮族自治区,桂林市,叠彩区,庙坪,3528eb81-6944-4a75-8d34-e87f7c6ea950,广西壮族自治区,桂林市,,,2025-08-01,2025-12-31,2,serial_id,asc,1,2026-08-12T08:02:24+00:00
ef193b74-aff4-4ca0-afa3-2a0c613c048c,2025081100597,2,0,32,2025-08-09 16:00,2025-08-11 14:00,24021,同色兜兰,广西壮族自治区,桂林市,兴安县,猫儿山国家级自然保护区,ef193b74-aff4-4ca0-afa3-2a0c613c048c,广西壮族自治区,桂林市,,,2025-08-01,2025-12-31,2,serial_id,asc,1,2026-08-12T08:02:24+00:00
d568993c-9084-4b42-a89e-5dcbf25758c3,2025081200541,2,0,12,2025-08-11 15:52,2025-08-12 23:52,15184,秦始皇帝,广西壮族自治区,桂林市,兴安县,猫儿山,d568993c-9084-4b42-a89e-5dcbf25758c3,广西壮族自治区,桂林市,,,2025-08-01,2025-12-31,2,serial_id,asc,1,2026-08-12T08:02:24+00:00
bba73a87-beea-4458-bee8-7a73498e65e4,2025081200697,2,0,5,2025-08-12 18:00,2025-08-12 19:00,35034,崔克西,广西壮族自治区,桂林市,阳朔县,兴坪古镇,bba73a87-beea-4458-bee8-7a73498e65e4,广西壮族自治区,桂林市,,,2025-08-01,2025-12-31,2,serial_id,asc,1,2026-08-12T08:02:24+00:00
6f242704-055e-4f09-a486-909ae9ca9d00,2025081200737,2,0,14,2025-08-11 10:30,2025-08-11 13:30,43078,冯建明,广西壮族自治区,桂林市,象山区,广西桂林国家森林公园,6f242704-055e-4f09-a486-909ae9ca9d00,广西壮族自治区,桂林市,,,2025-08-01,2025-12-31,2,serial_id,asc,1,2026-08-12T08:02:24+00:00
260376ac-6481-4c9e-a7b5-c5673bf02487,2025081400632,2,0,4,2025-08-14 16:00,2025-08-14 17:00,68285,北斗plough,广西壮族自治区,桂林市,灌阳县,灌阳驾校(灌阳县清友驾驶员培训有限公司),260376ac-6481-4c9e-a7b5-c5673bf02487,广西壮族自治区,桂林市,,,2025-08-01,2025-12-31,2,serial_id,asc,1,2026-08-12T08:02:24+00:00
78315167-e576-40a1-841a-90327c01d912,2025081500181,2,0,1,2025-08-15 08:00,2025-08-15 09:00,68285,北斗plough,广西壮族自治区,桂林市,灌阳县,灌阳驾校(灌阳县清友驾驶员培训有限公司),78315167-e576-40a1-841a-90327c01d912,广西壮族自治区,桂林市,,,2025-08-01,2025-12-31,2,serial_id,asc,1,2026-08-12T08:02:24+00:00
438a462a-7bb9-41b2-a433-e073b25053fa,2025081600743,2,0,2,2025-08-16 15:00,2025-08-16 16:00,68285,北斗plough,广西壮族自治区,桂林市,灌阳县,灌阳驾校(灌阳县清友驾驶员培训有限公司),438a462a-7bb9-41b2-a433-e073b25053fa,广西壮族自治区,桂林市,,,2025-08-01,2025-12-31,2,serial_id,asc,1,2026-08-12T08:02:24+00:00
135281f6-83f4-4571-9d29-5dcbbb761161,2025081601054,2,0,1,2025-08-16 18:00,2025-08-16 19:00,74412,l3418017018,广西壮族自治区,桂林市,叠彩区,桂林两江四湖景区叠彩山,135281f6-83f4-4571-9d29-5dcbbb761161,广西壮族自治区,桂林市,,,2025-08-01,2025-12-31,2,serial_id,asc,1,2026-08-12T08:02:24+00:00
f545b5e6-fd3b-44e6-a5ba-deac345eb0bc,2025081601417,2,0,11,2025-08-07 07:32,2025-08-07 08:32,52330,秋秋Chris,广西壮族自治区,桂林市,平乐县,金字领岭公园,f545b5e6-fd3b-44e6-a5ba-deac345eb0bc,广西壮族自治区,桂林市,,,2025-08-01,2025-12-31,2,serial_id,asc,1,2026-08-12T08:02:24+00:00
70e026cf-6588-4211-a2e6-f1bf8e372c8f,2025081700450,2,0,40,2025-08-17 07:00,2025-08-17 14:00,3828,nknemo,广西壮族自治区,桂林市,荔浦市,官田村,70e026cf-6588-4211-a2e6-f1bf8e372c8f,广西壮族自治区,桂林市,,,2025-08-01,2025-12-31,2,serial_id,asc,1,2026-08-12T08:02:24+00:00
695a2300-0a3c-472a-8099-cfede6b75f94,2025081700751,2,0,6,2025-08-17 13:00,2025-08-17 16:00,37521,Dylan,广西壮族自治区,桂林市,灵川县,尧山,695a2300-0a3c-472a-8099-cfede6b75f94,广西壮族自治区,桂林市,,,2025-08-01,2025-12-31,2,serial_id,asc,1,2026-08-12T08:02:24+00:00
cefdd7c2-5687-4a10-b2c1-21de57059185,2025081700883,2,0,1,2025-08-17 17:00,2025-08-17 18:00,74412,l3418017018,广西壮族自治区,桂林市,阳朔县,相公山,cefdd7c2-5687-4a10-b2c1-21de57059185,广西壮族自治区,桂林市,,,2025-08-01,2025-12-31,2,serial_id,asc,1,2026-08-12T08:02:24+00:00
89ae4ca5-650f-4c93-88a5-e86a6b8709b6,2025081900723,2,0,7,2025-08-19 11:50,2025-08-19 16:30,78001,Epizykloide,广西壮族自治区,桂林市,兴安县,猫儿山,89ae4ca5-650f-4c93-88a5-e86a6b8709b6,广西壮族自治区,桂林市,,,2025-08-01,2025-12-31,2,serial_id,asc,1,2026-08-12T08:02:24+00:00
aaf01cc3-dfe1-4769-9d51-fc81ae7e5b9a,2025082000168,2,0,4,2025-08-07 13:00,2025-08-07 14:00,92250,sva,广西壮族自治区,桂林市,秀峰区,秀峰区桂林观石堂鸡血玉博物馆西100米(芦笛路南),aaf01cc3-dfe1-4769-9d51-fc81ae7e5b9a,广西壮族自治区,桂林市,,,2025-08-01,2025-12-31,2,serial_id,asc,1,2026-08-12T08:02:24+00:00
e415604d-7bd9-4d45-8f27-beeb181e6677,2025082100724,2,0,4,2025-08-09 16:00,2025-08-09 18:00,92250,sva,广西壮族自治区,桂林市,灵川县,汤家村,e415604d-7bd9-4d45-8f27-beeb181e6677,广西壮族自治区,桂林市,,,2025-08-01,2025-12-31,2,serial_id,asc,1,2026-08-12T08:02:24+00:00
c4050a2f-46d7-4461-b078-bc36d3b52faf,2025082100732,2,0,7,2025-08-10 07:00,2025-08-10 10:00,92250,sva,广西壮族自治区,桂林市,临桂区,会仙湿地,c4050a2f-46d7-4461-b078-bc36d3b52faf,广西壮族自治区,桂林市,,,2025-08-01,2025-12-31,2,serial_id,asc,1,2026-08-12T08:02:24+00:00
fd735576-c823-45ec-bff2-8177dbe63100,2025082100735,2,0,1,2025-08-09 09:00,2025-08-09 11:30,92250,sva,广西壮族自治区,桂林市,象山区,桂林森林公园,fd735576-c823-45ec-bff2-8177dbe63100,广西壮族自治区,桂林市,,,2025-08-01,2025-12-31,2,serial_id,asc,1,2026-08-12T08:02:24+00:00
dc5b841a-e071-4d06-b905-b55f424e9eb2,2025082100808,2,0,14,2025-08-21 09:30,2025-08-21 11:00,1517,孔雀草,广西壮族自治区,桂林市,象山区,广西桂林国家森林公园,dc5b841a-e071-4d06-b905-b55f424e9eb2,广西壮族自治区,桂林市,,,2025-08-01,2025-12-31,2,serial_id,asc,1,2026-08-12T08:02:24+00:00
ff946a90-fea1-471b-9405-a7ebab1285f9,2025082101078,2,0,4,2025-08-20 11:00,2025-08-20 14:00,78001,Epizykloide,广西壮族自治区,桂林市,象山区,广西桂林国家森林公园,ff946a90-fea1-471b-9405-a7ebab1285f9,广西壮族自治区,桂林市,,,2025-08-01,2025-12-31,2,serial_id,asc,1,2026-08-12T08:02:24+00:00
61ef66f3-c382-4ac3-8db1-9e601f1b52c5,2025082200206,2,0,10,2025-08-22 07:25,2025-08-22 09:40,62041,桂林bird,广西壮族自治区,桂林市,象山区,桂林森林公园,61ef66f3-c382-4ac3-8db1-9e601f1b52c5,广西壮族自治区,桂林市,,,2025-08-01,2025-12-31,2,serial_id,asc,1,2026-08-12T08:02:24+00:00
3c5ee1cf-47f3-4698-8586-a4c971a17a6b,2025082200462,2,0,12,2025-08-22 13:00,2025-08-22 14:00,33943,出圈夜鹭,广西壮族自治区,桂林市,雁山区,上村,3c5ee1cf-47f3-4698-8586-a4c971a17a6b,广西壮族自治区,桂林市,,,2025-08-01,2025-12-31,2,serial_id,asc,1,2026-08-12T08:02:24+00:00
9dbfdf86-7665-4db0-a73a-8f50e035b535,2025082300473,2,0,11,2025-08-23 11:00,2025-08-23 12:00,29061,tianzh002,广西壮族自治区,桂林市,荔浦市,荔浦市东昌镇荷包洲屯,9dbfdf86-7665-4db0-a73a-8f50e035b535,广西壮族自治区,桂林市,,,2025-08-01,2025-12-31,2,serial_id,asc,1,2026-08-12T08:02:24+00:00
75bc659c-f0d2-48de-b8a9-12776da4bde8,2025082400198,2,0,7,2025-08-24 05:30,2025-08-24 07:17,68285,北斗plough,广西壮族自治区,桂林市,灌阳县,山脚村,75bc659c-f0d2-48de-b8a9-12776da4bde8,广西壮族自治区,桂林市,,,2025-08-01,2025-12-31,2,serial_id,asc,1,2026-08-12T08:02:24+00:00
62f69b6f-c3e3-43fc-94fa-a6023d60f69b,2025082600143,2,0,9,2025-08-26 09:00,2025-08-26 10:00,88080,方梓安,广西壮族自治区,桂林市,象山区,桂林森林公园,62f69b6f-c3e3-43fc-94fa-a6023d60f69b,广西壮族自治区,桂林市,,,2025-08-01,2025-12-31,2,serial_id,asc,1,2026-08-12T08:02:24+00:00
abdee347-a1c8-4408-809b-c49fb31864fb,2025082600806,2,0,16,2025-08-26 07:20,2025-08-26 19:20,56712,青蛙22,广西壮族自治区,桂林市,兴安县,猫儿山,abdee347-a1c8-4408-809b-c49fb31864fb,广西壮族自治区,桂林市,,,2025-08-01,2025-12-31,2,serial_id,asc,1,2026-08-12T08:02:24+00:00
fa3b04f0-8453-4b9a-ab6a-685b7906d261,2025082800120,2,0,3,2025-08-28 09:00,2025-08-28 10:00,50378,Panto,广西壮族自治区,桂林市,兴安县,猫儿山国家级自然保护区,fa3b04f0-8453-4b9a-ab6a-685b7906d261,广西壮族自治区,桂林市,,,2025-08-01,2025-12-31,2,serial_id,asc,1,2026-08-12T08:02:24+00:00
5342b71f-c754-4c29-a339-59c0e6ff7654,2025082800239,2,0,3,2025-08-05 08:30,2025-08-05 09:30,72661,邹红艳,广西壮族自治区,桂林市,平乐县,广西壮族自治区桂林市平乐县青龙乡郡塘村,5342b71f-c754-4c29-a339-59c0e6ff7654,广西壮族自治区,桂林市,,,2025-08-01,2025-12-31,2,serial_id,asc,1,2026-08-12T08:02:24+00:00
cc20c237-e924-4641-8d9d-9aefda4944aa,2025082800727,2,0,9,2025-08-28 10:30,2025-08-28 12:30,46052,xiyu310,广西壮族自治区,桂林市,秀峰区,西山公园(桂林市秀峰区西山路2号),cc20c237-e924-4641-8d9d-9aefda4944aa,广西壮族自治区,桂林市,,,2025-08-01,2025-12-31,2,serial_id,asc,1,2026-08-12T08:02:24+00:00
c82763b9-4146-4524-9ca8-8b979b0f7380,2025083000238,2,0,13,2025-08-30 07:30,2025-08-30 09:30,62041,桂林bird,广西壮族自治区,桂林市,象山区,桂林森林公园,c82763b9-4146-4524-9ca8-8b979b0f7380,广西壮族自治区,桂林市,,,2025-08-01,2025-12-31,2,serial_id,asc,1,2026-08-12T08:02:24+00:00
a2bab99e-f317-47a2-a133-6dcc37aeebe1,2025083100022,2,0,11,2025-08-30 15:40,2025-08-30 17:40,62041,桂林bird,广西壮族自治区,桂林市,灵川县,灵川镇老圩,a2bab99e-f317-47a2-a133-6dcc37aeebe1,广西壮族自治区,桂林市,,,2025-08-01,2025-12-31,2,serial_id,asc,1,2026-08-12T08:02:24+00:00
88ff1d45-311d-41e6-ba11-9c21713c1a9c,2025083100093,2,0,22,2025-08-30 15:50,2025-08-30 19:00,37521,Dylan,广西壮族自治区,桂林市,灵川县,老圩,88ff1d45-311d-41e6-ba11-9c21713c1a9c,广西壮族自治区,桂林市,,,2025-08-01,2025-12-31,2,serial_id,asc,2,2026-08-12T08:59:10+00:00
52698af5-d11b-428d-b763-bf370d88d301,2025083100717,2,0,14,2025-08-31 08:00,2025-08-31 09:00,54650,pppppokerface,广西壮族自治区,桂林市,象山区,桂林森林公园,52698af5-d11b-428d-b763-bf370d88d301,广西壮族自治区,桂林市,,,2025-08-01,2025-12-31,2,serial_id,asc,2,2026-08-12T08:59:10+00:00
43dd97f5-4fa2-4222-a1ca-75029eddab96,2025083100847,2,0,4,2025-08-31 11:00,2025-08-31 14:30,62041,桂林bird,广西壮族自治区,桂林市,灵川县,尧山观测点,43dd97f5-4fa2-4222-a1ca-75029eddab96,广西壮族自治区,桂林市,,,2025-08-01,2025-12-31,2,serial_id,asc,2,2026-08-12T08:59:10+00:00
ebe6f5c6-9f2e-4c31-9f90-96a0192fd6d8,2025090100114,2,0,13,2025-08-31 17:32,2025-08-31 18:16,45425,轻装前行,广西壮族自治区,桂林市,临桂区,凤穴村,ebe6f5c6-9f2e-4c31-9f90-96a0192fd6d8,广西壮族自治区,桂林市,,,2025-08-01,2025-12-31,2,serial_id,asc,2,2026-08-12T08:59:10+00:00
cc5f669c-9959-486b-886d-088f033f4947,2025090100502,2,0,7,2025-09-01 16:00,2025-09-01 17:00,54988,gospel123,广西壮族自治区,桂林市,灵川县,甲宅,cc5f669c-9959-486b-886d-088f033f4947,广西壮族自治区,桂林市,,,2025-08-01,2025-12-31,2,serial_id,asc,2,2026-08-12T08:59:10+00:00
33a62e5e-0bbf-424c-92e1-f12b993ff913,2025090500644,2,0,4,2025-09-05 12:30,2025-09-05 13:30,92250,sva,广西壮族自治区,桂林市,秀峰区,秀峰区桂林观石堂鸡血玉博物馆西100米(芦笛路南),33a62e5e-0bbf-424c-92e1-f12b993ff913,广西壮族自治区,桂林市,,,2025-08-01,2025-12-31,2,serial_id,asc,2,2026-08-12T08:59:10+00:00
2110ebfd-dc56-42d1-a6f3-95cead1fa21d,2025090600952,2,0,14,2025-09-06 17:00,2025-09-06 18:00,45425,轻装前行,广西壮族自治区,桂林市,七星区,尧山,2110ebfd-dc56-42d1-a6f3-95cead1fa21d,广西壮族自治区,桂林市,,,2025-08-01,2025-12-31,2,serial_id,asc,2,2026-08-12T08:59:10+00:00
6dd5de00-a244-415e-8d7c-d327c28a5383,2025090601207,2,0,4,2025-09-06 17:09,2025-09-06 18:21,62041,桂林bird,广西壮族自治区,桂林市,临桂区,临桂镇车头村,6dd5de00-a244-415e-8d7c-d327c28a5383,广西壮族自治区,桂林市,,,2025-08-01,2025-12-31,2,serial_id,asc,2,2026-08-12T08:59:10+00:00
a37961df-0609-4c8b-8fc4-ca4b57392bcc,2025090700682,2,0,28,2025-09-07 07:00,2025-09-07 12:00,37521,Dylan,广西壮族自治区,桂林市,象山区,桂林森林公园,a37961df-0609-4c8b-8fc4-ca4b57392bcc,广西壮族自治区,桂林市,,,2025-08-01,2025-12-31,2,serial_id,asc,2,2026-08-12T08:59:10+00:00
0968ffd7-ab0b-4945-b8ed-7ae70505490b,2025090800223,2,0,7,2025-09-07 07:30,2025-09-07 11:20,62041,桂林bird,广西壮族自治区,桂林市,象山区,桂林森林公园,0968ffd7-ab0b-4945-b8ed-7ae70505490b,广西壮族自治区,桂林市,,,2025-08-01,2025-12-31,2,serial_id,asc,2,2026-08-12T08:59:10+00:00
994c0fef-1030-4adf-82f8-6efa0b321673,2025091200416,2,0,6,2025-09-12 07:20,2025-09-12 09:40,62041,桂林bird,广西壮族自治区,桂林市,象山区,桂林森林公园,994c0fef-1030-4adf-82f8-6efa0b321673,广西壮族自治区,桂林市,,,2025-08-01,2025-12-31,2,serial_id,asc,2,2026-08-12T08:59:10+00:00
468a4b91-d5db-47d5-b52a-56d41e65fd4e,2025091200510,2,0,6,2025-09-12 17:00,2025-09-12 18:00,72005,澳洲恶霸葵花鹦鹉,广西壮族自治区,桂林市,象山区,桂林森林公园,468a4b91-d5db-47d5-b52a-56d41e65fd4e,广西壮族自治区,桂林市,,,2025-08-01,2025-12-31,2,serial_id,asc,2,2026-08-12T08:59:10+00:00
b645f94c-1af2-4bc6-80d0-8af71fb138be,2025091200692,2,0,3,2025-09-12 18:10,2025-09-12 19:20,62041,桂林bird,广西壮族自治区,桂林市,象山区,桂林森林公园,b645f94c-1af2-4bc6-80d0-8af71fb138be,广西壮族自治区,桂林市,,,2025-08-01,2025-12-31,2,serial_id,asc,2,2026-08-12T08:59:10+00:00
b10d9b90-9ebc-4f57-8a7c-138cab986f45,2025091301352,2,0,3,2025-09-13 18:52,2025-09-13 19:30,37521,Dylan,广西壮族自治区,桂林市,象山区,桂林森林公园,b10d9b90-9ebc-4f57-8a7c-138cab986f45,广西壮族自治区,桂林市,,,2025-08-01,2025-12-31,2,serial_id,asc,2,2026-08-12T08:59:10+00:00
7a833811-4167-4d45-bbd9-2735d09c07df,2025091400917,2,0,16,2025-09-14 07:00,2025-09-14 09:00,37521,Dylan,广西壮族自治区,桂林市,象山区,桂林森林公园,7a833811-4167-4d45-bbd9-2735d09c07df,广西壮族自治区,桂林市,,,2025-08-01,2025-12-31,2,serial_id,asc,2,2026-08-12T08:59:10+00:00
7b414dbf-fd65-4748-9c67-4dae4940e580,2025091401758,2,0,11,2025-09-14 07:10,2025-09-14 10:40,62041,桂林bird,广西壮族自治区,桂林市,象山区,桂林森林公园,7b414dbf-fd65-4748-9c67-4dae4940e580,广西壮族自治区,桂林市,,,2025-08-01,2025-12-31,2,serial_id,asc,2,2026-08-12T08:59:10+00:00
6798969e-c79b-443c-b220-2dcc2bc7295e,2025091500191,2,0,7,2025-09-14 07:00,2025-09-14 11:00,92250,sva,广西壮族自治区,桂林市,象山区,广西桂林国家森林公园,6798969e-c79b-443c-b220-2dcc2bc7295e,广西壮族自治区,桂林市,,,2025-08-01,2025-12-31,2,serial_id,asc,2,2026-08-12T08:59:10+00:00
ef8af0d7-f00d-4c6d-99bb-972ceaf984c4,2025091600087,2,0,12,2025-09-16 07:01,2025-09-16 08:03,37389,陈不远,广西壮族自治区,桂林市,永福县,九落洞,ef8af0d7-f00d-4c6d-99bb-972ceaf984c4,广西壮族自治区,桂林市,,,2025-08-01,2025-12-31,2,serial_id,asc,2,2026-08-12T08:59:10+00:00
99328942-07ff-49fa-8e1b-7aa493342c43,2025091600741,2,0,4,2025-09-16 18:10,2025-09-16 19:30,62041,桂林bird,广西壮族自治区,桂林市,象山区,桂林森林公园,99328942-07ff-49fa-8e1b-7aa493342c43,广西壮族自治区,桂林市,,,2025-08-01,2025-12-31,2,serial_id,asc,2,2026-08-12T08:59:10+00:00
29055656-e1da-4092-aea2-f61aa8064ecb,2025091700329,2,0,7,2025-09-17 13:00,2025-09-17 14:00,72005,澳洲恶霸葵花鹦鹉,广西壮族自治区,桂林市,临桂区,桂林市山水公园,29055656-e1da-4092-aea2-f61aa8064ecb,广西壮族自治区,桂林市,,,2025-08-01,2025-12-31,2,serial_id,asc,2,2026-08-12T08:59:10+00:00
19320999-f1b7-4dfe-ba28-ea01618b243d,2025091700466,2,0,13,2025-08-06 06:00,2025-08-06 11:00,36364,吴金海,广西壮族自治区,桂林市,兴安县,猫儿山,19320999-f1b7-4dfe-ba28-ea01618b243d,广西壮族自治区,桂林市,,,2025-08-01,2025-12-31,2,serial_id,asc,2,2026-08-12T08:59:10+00:00
31b8a580-4efa-4c5f-a64e-fb5b7e2618d7,2025091700477,2,0,15,2025-09-17 10:02,2025-09-17 17:00,16427,韦碧泉,广西壮族自治区,桂林市,兴安县,猫儿山国家级自然保护区,31b8a580-4efa-4c5f-a64e-fb5b7e2618d7,广西壮族自治区,桂林市,,,2025-08-01,2025-12-31,2,serial_id,asc,2,2026-08-12T08:59:10+00:00
59e6593d-b3df-491d-a331-d75d2f05ad5f,2025091900749,2,0,5,2025-09-18 12:30,2025-09-18 13:30,92250,sva,广西壮族自治区,桂林市,叠彩区,飞凤山庄,59e6593d-b3df-491d-a331-d75d2f05ad5f,广西壮族自治区,桂林市,,,2025-08-01,2025-12-31,2,serial_id,asc,2,2026-08-12T08:59:10+00:00
38ea527a-5966-4911-a8d3-c6661f5bd02b,2025092001477,2,0,4,2025-09-20 18:00,2025-09-20 19:00,37521,Dylan,广西壮族自治区,桂林市,象山区,桂林森林公园,38ea527a-5966-4911-a8d3-c6661f5bd02b,广西壮族自治区,桂林市,,,2025-08-01,2025-12-31,2,serial_id,asc,2,2026-08-12T08:59:10+00:00
8de98692-a512-4f24-94ef-0ce385c78c24,2025092101170,2,0,3,2025-09-21 16:00,2025-09-21 17:00,54072,郭家祺,广西壮族自治区,桂林市,资源县,越城岭(桂林市资源县),8de98692-a512-4f24-94ef-0ce385c78c24,广西壮族自治区,桂林市,,,2025-08-01,2025-12-31,2,serial_id,asc,2,2026-08-12T08:59:10+00:00
bf22fe49-66ae-4cd4-8e7d-08ac4ada7ff7,2025092101300,2,0,3,2025-09-21 17:00,2025-09-21 18:00,54072,郭家祺,广西壮族自治区,桂林市,兴安县,桂林猫儿山云峰阁度假山庄,bf22fe49-66ae-4cd4-8e7d-08ac4ada7ff7,广西壮族自治区,桂林市,,,2025-08-01,2025-12-31,2,serial_id,asc,2,2026-08-12T08:59:10+00:00
e507aaff-df4c-4105-9aa5-e9d4f854aeb0,2025092101479,2,0,5,2025-09-21 10:00,2025-09-21 14:00,62041,桂林bird,广西壮族自治区,桂林市,象山区,桂林森林公园,e507aaff-df4c-4105-9aa5-e9d4f854aeb0,广西壮族自治区,桂林市,,,2025-08-01,2025-12-31,2,serial_id,asc,2,2026-08-12T08:59:10+00:00
c9a3865e-e378-4ed5-a696-a4bf0ac5d35f,2025092101985,2,0,25,2025-09-21 07:30,2025-09-21 13:00,37521,Dylan,广西壮族自治区,桂林市,象山区,桂林森林公园,c9a3865e-e378-4ed5-a696-a4bf0ac5d35f,广西壮族自治区,桂林市,,,2025-08-01,2025-12-31,2,serial_id,asc,2,2026-08-12T08:59:10+00:00
718a5218-8c30-4c6d-b6d4-f3c19cff8524,2025092200533,2,0,8,2025-09-22 13:55,2025-09-22 15:55,72005,澳洲恶霸葵花鹦鹉,广西壮族自治区,桂林市,雁山区,广西师范大学(雁山校区),718a5218-8c30-4c6d-b6d4-f3c19cff8524,广西壮族自治区,桂林市,,,2025-08-01,2025-12-31,2,serial_id,asc,2,2026-08-12T08:59:10+00:00
c0b427ec-7714-4a28-be12-e2848f4c7779,2025092200965,2,0,8,2025-09-22 15:30,2025-09-22 16:40,62041,桂林bird,广西壮族自治区,桂林市,灵川县,青狮潭水库风景区,c0b427ec-7714-4a28-be12-e2848f4c7779,广西壮族自治区,桂林市,,,2025-08-01,2025-12-31,2,serial_id,asc,2,2026-08-12T08:59:10+00:00
26833943-28af-423f-8845-8ead45c316d6,2025092400723,2,0,4,2025-09-24 16:00,2025-09-24 17:00,72005,澳洲恶霸葵花鹦鹉,广西壮族自治区,桂林市,叠彩区,叠彩区宝积山(翊武路北),26833943-28af-423f-8845-8ead45c316d6,广西壮族自治区,桂林市,,,2025-08-01,2025-12-31,2,serial_id,asc,2,2026-08-12T08:59:10+00:00
96233ee1-1901-40c6-b4a1-3d302fdffd90,2025092600363,2,0,8,2025-09-26 07:30,2025-09-26 09:30,62041,桂林bird,广西壮族自治区,桂林市,象山区,桂林森林公园,96233ee1-1901-40c6-b4a1-3d302fdffd90,广西壮族自治区,桂林市,,,2025-08-01,2025-12-31,2,serial_id,asc,2,2026-08-12T08:59:10+00:00
a2270583-2293-4aa9-99d3-bf2c3dbce03f,2025092600807,2,0,6,2025-09-26 18:00,2025-09-26 19:00,72005,澳洲恶霸葵花鹦鹉,广西壮族自治区,桂林市,象山区,桂林森林公园,a2270583-2293-4aa9-99d3-bf2c3dbce03f,广西壮族自治区,桂林市,,,2025-08-01,2025-12-31,2,serial_id,asc,2,2026-08-12T08:59:10+00:00
15af39bc-8aee-4382-8b82-76e5efc29a79,2025092700163,2,0,6,2025-09-27 08:00,2025-09-27 09:00,54988,gospel123,广西壮族自治区,桂林市,象山区,桂林森林公园,15af39bc-8aee-4382-8b82-76e5efc29a79,广西壮族自治区,桂林市,,,2025-08-01,2025-12-31,2,serial_id,asc,2,2026-08-12T08:59:10+00:00
3290bbd3-a9f5-42de-a43c-5251dfbc9f4e,2025092701534,2,0,3,2025-09-27 16:00,2025-09-27 18:40,62041,桂林bird,广西壮族自治区,桂林市,象山区,桂林森林公园,3290bbd3-a9f5-42de-a43c-5251dfbc9f4e,广西壮族自治区,桂林市,,,2025-08-01,2025-12-31,2,serial_id,asc,2,2026-08-12T08:59:10+00:00
1f20fcda-6761-444e-9dc1-33217e6d0942,2025092701662,2,0,23,2025-09-27 17:00,2025-09-27 18:40,37521,Dylan,广西壮族自治区,桂林市,秀峰区,田心里,1f20fcda-6761-444e-9dc1-33217e6d0942,广西壮族自治区,桂林市,,,2025-08-01,2025-12-31,2,serial_id,asc,2,2026-08-12T08:59:10+00:00
e74eecab-dcff-4e29-a1a8-902f828fb3f2,2025092800810,2,0,6,2025-09-28 17:00,2025-09-28 18:00,54988,gospel123,广西壮族自治区,桂林市,秀峰区,田心里,e74eecab-dcff-4e29-a1a8-902f828fb3f2,广西壮族自治区,桂林市,,,2025-08-01,2025-12-31,2,serial_id,asc,2,2026-08-12T08:59:10+00:00
93780432-00ee-44af-a364-564244b08e99,2025092900346,2,0,8,2025-09-29 12:00,2025-09-29 13:00,54988,gospel123,广西壮族自治区,桂林市,临桂区,绿洲岛生态农庄,93780432-00ee-44af-a364-564244b08e99,广西壮族自治区,桂林市,,,2025-08-01,2025-12-31,2,serial_id,asc,2,2026-08-12T08:59:10+00:00
36356a98-ecae-42f8-a29e-85b83c48ded3,2025100100096,2,0,22,2025-10-01 07:00,2025-10-01 08:00,45425,轻装前行,广西壮族自治区,桂林市,象山区,广西桂林国家森林公园,36356a98-ecae-42f8-a29e-85b83c48ded3,广西壮族自治区,桂林市,,,2025-08-01,2025-12-31,2,serial_id,asc,2,2026-08-12T08:59:10+00:00
abb55326-c885-413e-89aa-783ae2556724,2025100100339,2,0,10,2025-10-01 06:31,2025-10-01 11:00,62041,桂林bird,广西壮族自治区,桂林市,象山区,桂林森林公园,abb55326-c885-413e-89aa-783ae2556724,广西壮族自治区,桂林市,,,2025-08-01,2025-12-31,2,serial_id,asc,2,2026-08-12T08:59:10+00:00
98cfcf4b-abee-4aed-a018-d2874c341149,2025100101215,2,0,12,2025-10-01 06:00,2025-10-01 17:18,75842,mktfour,广西壮族自治区,桂林市,兴安县,猫儿山,98cfcf4b-abee-4aed-a018-d2874c341149,广西壮族自治区,桂林市,,,2025-08-01,2025-12-31,2,serial_id,asc,2,2026-08-12T08:59:10+00:00
5fd0efac-7f4c-4861-83a5-9a5e98a3b0b9,2025100101301,2,0,12,2025-10-01 16:30,2025-10-01 18:00,62041,桂林bird,广西壮族自治区,桂林市,七星区,乌桕滩,5fd0efac-7f4c-4861-83a5-9a5e98a3b0b9,广西壮族自治区,桂林市,,,2025-08-01,2025-12-31,2,serial_id,asc,2,2026-08-12T08:59:10+00:00
cc292149-61ac-4e55-8978-74a66c5fcc3b,2025100101408,2,0,12,2025-10-01 18:00,2025-10-01 19:00,28655,浪人,广西壮族自治区,桂林市,全州县,九点(桂林市全州县),cc292149-61ac-4e55-8978-74a66c5fcc3b,广西壮族自治区,桂林市,,,2025-08-01,2025-12-31,2,serial_id,asc,2,2026-08-12T08:59:10+00:00
aae11baf-06c4-4865-b948-dad1877d88fb,2025100201997,2,0,7,2025-08-27 07:01,2025-08-27 12:01,56712,青蛙22,广西壮族自治区,桂林市,兴安县,猫儿山,aae11baf-06c4-4865-b948-dad1877d88fb,广西壮族自治区,桂林市,,,2025-08-01,2025-12-31,2,serial_id,asc,2,2026-08-12T08:59:10+00:00
d135b6e7-eab2-4507-8bb6-f6a9cb7168c0,2025100300015,2,0,8,2025-10-02 03:24,2025-10-02 06:24,70983,哔哔,广西壮族自治区,桂林市,临桂区,桂林花坪云溪谷康养基地,d135b6e7-eab2-4507-8bb6-f6a9cb7168c0,广西壮族自治区,桂林市,,,2025-08-01,2025-12-31,2,serial_id,asc,2,2026-08-12T08:59:10+00:00
31824235-0c67-4128-8e02-a3f159aafaf0,2025100300472,2,0,15,2025-09-29 07:59,2025-09-30 09:59,26640,莫利王,广西壮族自治区,桂林市,兴安县,猫儿山,31824235-0c67-4128-8e02-a3f159aafaf0,广西壮族自治区,桂林市,,,2025-08-01,2025-12-31,2,serial_id,asc,2,2026-08-12T08:59:10+00:00
5b47c9e9-b2bb-428e-93bb-16100a3c47c8,2025100300507,2,0,6,2025-10-03 09:00,2025-10-03 10:00,26640,莫利王,广西壮族自治区,桂林市,龙胜各族自治县,无事山院,5b47c9e9-b2bb-428e-93bb-16100a3c47c8,广西壮族自治区,桂林市,,,2025-08-01,2025-12-31,2,serial_id,asc,2,2026-08-12T08:59:10+00:00
881d7153-7273-4272-8203-319dbca29d40,2025100301610,2,0,14,2025-10-03 17:00,2025-10-03 18:00,28655,浪人,广西壮族自治区,桂林市,全州县,九点(桂林市全州县),881d7153-7273-4272-8203-319dbca29d40,广西壮族自治区,桂林市,,,2025-08-01,2025-12-31,2,serial_id,asc,2,2026-08-12T08:59:10+00:00
f5d5745a-bbf2-42a8-8e7e-599b39fac010,2025100400993,2,0,13,2025-09-29 06:40,2025-09-30 13:43,67262,Wyt20041101,广西壮族自治区,桂林市,兴安县,猫儿山,f5d5745a-bbf2-42a8-8e7e-599b39fac010,广西壮族自治区,桂林市,,,2025-08-01,2025-12-31,2,serial_id,asc,2,2026-08-12T08:59:10+00:00
81276213-22d7-479c-a6c1-855b7ad442b0,2025100401896,2,0,4,2025-10-04 17:00,2025-10-04 18:00,34333,阿丸,广西壮族自治区,桂林市,资源县,大沙洲休闲农庄,81276213-22d7-479c-a6c1-855b7ad442b0,广西壮族自治区,桂林市,,,2025-08-01,2025-12-31,2,serial_id,asc,2,2026-08-12T08:59:10+00:00
ee127642-39f4-4275-af7f-0262f57f0a59,2025100501011,2,0,11,2025-10-05 09:59,2025-10-05 14:00,34763,小金鱼不打烊,广西壮族自治区,桂林市,象山区,广西桂林国家森林公园,ee127642-39f4-4275-af7f-0262f57f0a59,广西壮族自治区,桂林市,,,2025-08-01,2025-12-31,2,serial_id,asc,3,2026-08-12T08:59:13+00:00
435c53b4-f618-4c0a-9b5d-d0d9323e381e,2025100501573,2,0,5,2025-10-05 17:00,2025-10-05 18:00,28655,浪人,广西壮族自治区,桂林市,全州县,九点(桂林市全州县),435c53b4-f618-4c0a-9b5d-d0d9323e381e,广西壮族自治区,桂林市,,,2025-08-01,2025-12-31,2,serial_id,asc,3,2026-08-12T08:59:13+00:00
4b0db5ae-0286-4877-a840-cebb36aa08b2,2025100600168,2,0,4,2025-10-06 06:00,2025-10-06 07:00,54988,gospel123,广西壮族自治区,桂林市,灵川县,临江楼,4b0db5ae-0286-4877-a840-cebb36aa08b2,广西壮族自治区,桂林市,,,2025-08-01,2025-12-31,2,serial_id,asc,3,2026-08-12T08:59:13+00:00
225c9c1f-4a9f-4f18-be71-df428930b62e,2025100600608,2,0,5,2025-10-06 07:05,2025-10-06 11:05,62041,桂林bird,广西壮族自治区,桂林市,象山区,桂林森林公园,225c9c1f-4a9f-4f18-be71-df428930b62e,广西壮族自治区,桂林市,,,2025-08-01,2025-12-31,2,serial_id,asc,3,2026-08-12T08:59:13+00:00
b55d3393-fa71-4b70-856d-bb5e4bdfc964,2025100700464,2,0,14,2025-10-07 09:00,2025-10-07 10:00,54988,gospel123,广西壮族自治区,桂林市,象山区,桂林森林公园,b55d3393-fa71-4b70-856d-bb5e4bdfc964,广西壮族自治区,桂林市,,,2025-08-01,2025-12-31,2,serial_id,asc,3,2026-08-12T08:59:13+00:00
8068c8c7-da65-4ade-9fc8-cbf3383782f3,2025100701366,2,0,3,2025-09-21 16:25,2025-09-21 17:25,52216,花花世界蚊,广西壮族自治区,桂林市,兴安县,猫儿山,8068c8c7-da65-4ade-9fc8-cbf3383782f3,广西壮族自治区,桂林市,,,2025-08-01,2025-12-31,2,serial_id,asc,3,2026-08-12T08:59:13+00:00
dc79545c-73a7-44ba-b18b-8b211840a712,2025100701449,2,0,6,2025-10-07 11:02,2025-10-07 15:00,62041,桂林bird,广西壮族自治区,桂林市,灵川县,尧山观测点,dc79545c-73a7-44ba-b18b-8b211840a712,广西壮族自治区,桂林市,,,2025-08-01,2025-12-31,2,serial_id,asc,3,2026-08-12T08:59:13+00:00
419b1f6c-01f6-4810-a0a8-4bc270e00794,2025100702082,2,0,6,2025-09-27 07:50,2025-09-27 10:20,92250,sva,广西壮族自治区,桂林市,象山区,广西桂林国家森林公园,419b1f6c-01f6-4810-a0a8-4bc270e00794,广西壮族自治区,桂林市,,,2025-08-01,2025-12-31,2,serial_id,asc,3,2026-08-12T08:59:13+00:00
d872bf95-2298-41a9-bcbf-7b7874086924,2025100800300,2,0,5,2025-10-06 13:03,2025-10-06 17:30,70582,黑色夜鹭,广西壮族自治区,桂林市,兴安县,猫儿山国家级自然保护区,d872bf95-2298-41a9-bcbf-7b7874086924,广西壮族自治区,桂林市,,,2025-08-01,2025-12-31,2,serial_id,asc,3,2026-08-12T08:59:13+00:00
a1ee8818-3607-4eca-a279-4ce436ffb889,2025101200963,2,0,1,2025-10-09 09:10,2025-10-12 16:00,24409,卡片机的眼睛,广西壮族自治区,桂林市,临桂区,广西桂林两江机场,a1ee8818-3607-4eca-a279-4ce436ffb889,广西壮族自治区,桂林市,,,2025-08-01,2025-12-31,2,serial_id,asc,3,2026-08-12T08:59:13+00:00
fec7b7a6-cb11-4d8b-aa71-40cd505633a4,2025101200968,2,0,2,2025-10-10 17:10,2025-10-10 18:30,24409,卡片机的眼睛,广西壮族自治区,桂林市,龙胜各族自治县,龙脊梯田风景名胜区-平安寨梯田,fec7b7a6-cb11-4d8b-aa71-40cd505633a4,广西壮族自治区,桂林市,,,2025-08-01,2025-12-31,2,serial_id,asc,3,2026-08-12T08:59:13+00:00
aaac1267-93a8-41f2-8f65-f40085649118,2025101200971,2,0,6,2025-10-11 07:20,2025-10-11 08:20,24409,卡片机的眼睛,广西壮族自治区,桂林市,龙胜各族自治县,龙脊梯田风景名胜区-平安寨梯田,aaac1267-93a8-41f2-8f65-f40085649118,广西壮族自治区,桂林市,,,2025-08-01,2025-12-31,2,serial_id,asc,3,2026-08-12T08:59:13+00:00
0c9f7d36-5411-416c-bb55-ab024ee1ecfe,2025101200979,2,0,12,2025-10-12 11:30,2025-10-12 13:50,24409,卡片机的眼睛,广西壮族自治区,桂林市,阳朔县,漓江风景区,0c9f7d36-5411-416c-bb55-ab024ee1ecfe,广西壮族自治区,桂林市,,,2025-08-01,2025-12-31,2,serial_id,asc,3,2026-08-12T08:59:13+00:00
afb40d53-b2ff-45a1-9b25-e99bc952c589,2025101501040,2,0,3,2025-10-15 08:00,2025-10-15 09:40,62041,桂林bird,广西壮族自治区,桂林市,象山区,桂林森林公园,afb40d53-b2ff-45a1-9b25-e99bc952c589,广西壮族自治区,桂林市,,,2025-08-01,2025-12-31,2,serial_id,asc,3,2026-08-12T08:59:13+00:00
47411921-7417-47ba-8d86-c86c56663a61,2025101600127,2,0,14,2025-10-15 07:00,2025-10-15 08:00,10787,dengyc,广西壮族自治区,桂林市,阳朔县,水厄底码头,47411921-7417-47ba-8d86-c86c56663a61,广西壮族自治区,桂林市,,,2025-08-01,2025-12-31,2,serial_id,asc,3,2026-08-12T08:59:13+00:00
b41dc486-3950-4216-b73c-34ed55ce326b,2025101600287,2,0,7,2025-10-16 07:11,2025-10-16 08:32,45425,轻装前行,广西壮族自治区,桂林市,象山区,广西桂林国家森林公园,b41dc486-3950-4216-b73c-34ed55ce326b,广西壮族自治区,桂林市,,,2025-08-01,2025-12-31,2,serial_id,asc,3,2026-08-12T08:59:13+00:00
b2cea134-8a8b-42c1-843c-b7d30bd1ab86,2025101700637,2,0,17,2025-10-17 16:04,2025-10-17 19:00,72005,澳洲恶霸葵花鹦鹉,广西壮族自治区,桂林市,临桂区,会仙湿地,b2cea134-8a8b-42c1-843c-b7d30bd1ab86,广西壮族自治区,桂林市,,,2025-08-01,2025-12-31,2,serial_id,asc,3,2026-08-12T08:59:13+00:00
6ed60cb0-7787-413d-9f84-a53a784ee24b,2025101800157,2,0,26,2025-10-18 07:00,2025-10-18 10:00,45009,pwy5150,广西壮族自治区,桂林市,临桂区,会仙湿地,6ed60cb0-7787-413d-9f84-a53a784ee24b,广西壮族自治区,桂林市,,,2025-08-01,2025-12-31,2,serial_id,asc,3,2026-08-12T08:59:13+00:00
99ada229-e694-4548-b015-f281fb142896,2025101800747,2,0,13,2025-10-18 15:00,2025-10-19 10:00,45009,pwy5150,广西壮族自治区,桂林市,龙胜各族自治县,西山韶乐一号观景台,99ada229-e694-4548-b015-f281fb142896,广西壮族自治区,桂林市,,,2025-08-01,2025-12-31,2,serial_id,asc,3,2026-08-12T08:59:13+00:00
7953c6dc-6238-4cf5-945a-0d8c909882b2,2025101801105,2,0,11,2025-10-18 18:00,2025-10-18 19:00,45425,轻装前行,广西壮族自治区,桂林市,临桂区,临桂镇车头,7953c6dc-6238-4cf5-945a-0d8c909882b2,广西壮族自治区,桂林市,,,2025-08-01,2025-12-31,2,serial_id,asc,3,2026-08-12T08:59:13+00:00
8aff4e45-9221-4efb-bd05-a4adfdd5536a,2025101801271,2,0,5,2025-10-18 16:00,2025-10-18 18:30,62041,桂林bird,广西壮族自治区,桂林市,象山区,桂林森林公园,8aff4e45-9221-4efb-bd05-a4adfdd5536a,广西壮族自治区,桂林市,,,2025-08-01,2025-12-31,2,serial_id,asc,3,2026-08-12T08:59:13+00:00
0d7d83fe-a245-4ec2-b378-a684cadc7302,2025101900516,2,0,3,2025-10-19 10:00,2025-10-19 12:00,62041,桂林bird,广西壮族自治区,桂林市,灵川县,尧山观测点,0d7d83fe-a245-4ec2-b378-a684cadc7302,广西壮族自治区,桂林市,,,2025-08-01,2025-12-31,2,serial_id,asc,3,2026-08-12T08:59:13+00:00
0f4003de-fba4-4667-8005-3b540416b45d,2025101901226,2,0,6,2025-10-19 17:00,2025-10-19 18:00,94474,Natural,广西壮族自治区,桂林市,象山区,桂林森林公园,0f4003de-fba4-4667-8005-3b540416b45d,广西壮族自治区,桂林市,,,2025-08-01,2025-12-31,2,serial_id,asc,3,2026-08-12T08:59:13+00:00
66f36bd7-fa31-4293-a389-de951c875333,2025101901228,2,0,6,2025-10-19 17:00,2025-10-19 18:00,79763,nirvana,广西壮族自治区,桂林市,象山区,桂林森林公园,66f36bd7-fa31-4293-a389-de951c875333,广西壮族自治区,桂林市,,,2025-08-01,2025-12-31,2,serial_id,asc,3,2026-08-12T08:59:13+00:00
d09fcfb5-b92c-4058-a7fa-fd0b3322c2c5,2025101901830,2,0,11,2025-10-19 09:40,2025-10-19 12:00,37521,Dylan,广西壮族自治区,桂林市,象山区,广西桂林国家森林公园,d09fcfb5-b92c-4058-a7fa-fd0b3322c2c5,广西壮族自治区,桂林市,,,2025-08-01,2025-12-31,2,serial_id,asc,3,2026-08-12T08:59:13+00:00
7b9b9359-42fd-49c9-8b90-79540b3ee647,2025102000503,2,0,7,2025-10-20 14:00,2025-10-20 15:00,94474,Natural,广西壮族自治区,桂林市,七星区,訾洲公园,7b9b9359-42fd-49c9-8b90-79540b3ee647,广西壮族自治区,桂林市,,,2025-08-01,2025-12-31,2,serial_id,asc,3,2026-08-12T08:59:13+00:00
5174c202-6918-493b-995b-7933eee7820d,2025102000506,2,0,13,2025-10-20 14:00,2025-10-20 15:00,45425,轻装前行,广西壮族自治区,桂林市,叠彩区,桂林市尧山白云观,5174c202-6918-493b-995b-7933eee7820d,广西壮族自治区,桂林市,,,2025-08-01,2025-12-31,2,serial_id,asc,3,2026-08-12T08:59:13+00:00
ab548363-431d-4f95-8956-cf8d23fb784a,2025102100471,2,0,2,2025-10-21 14:00,2025-10-21 15:00,62041,桂林bird,广西壮族自治区,桂林市,恭城瑶族自治县,恭城瑶族自治县鲜鲜家庭农场东南150米,ab548363-431d-4f95-8956-cf8d23fb784a,广西壮族自治区,桂林市,,,2025-08-01,2025-12-31,2,serial_id,asc,3,2026-08-12T08:59:13+00:00
1c47340d-3b33-4280-87a0-2feff1d7d251,2025102101014,2,0,3,2025-10-21 17:00,2025-10-21 19:06,62041,桂林bird,广西壮族自治区,桂林市,恭城瑶族自治县,三江乡,1c47340d-3b33-4280-87a0-2feff1d7d251,广西壮族自治区,桂林市,,,2025-08-01,2025-12-31,2,serial_id,asc,3,2026-08-12T08:59:13+00:00
251cce6e-b8da-42a2-b179-8b2ebb25ed24,2025102200168,2,0,7,2025-10-22 09:00,2025-10-22 10:00,62041,桂林bird,广西壮族自治区,桂林市,荔浦市,荔浦市修仁古榕东100米(Y715西),251cce6e-b8da-42a2-b179-8b2ebb25ed24,广西壮族自治区,桂林市,,,2025-08-01,2025-12-31,2,serial_id,asc,3,2026-08-12T08:59:13+00:00
ea49c6c3-6663-4215-84b2-0e43f9497ef8,2025102200328,2,0,9,2025-10-22 10:00,2025-10-22 12:00,79763,nirvana,广西壮族自治区,桂林市,象山区,桂林森林公园,ea49c6c3-6663-4215-84b2-0e43f9497ef8,广西壮族自治区,桂林市,,,2025-08-01,2025-12-31,2,serial_id,asc,3,2026-08-12T08:59:13+00:00
42f8f6fb-1ad7-4c0d-93d9-6f99866f041b,2025102200332,2,0,3,2025-10-22 11:00,2025-10-22 12:00,20015,红花梨,广西壮族自治区,桂林市,龙胜各族自治县,西山韶乐一号观景台,42f8f6fb-1ad7-4c0d-93d9-6f99866f041b,广西壮族自治区,桂林市,,,2025-08-01,2025-12-31,2,serial_id,asc,3,2026-08-12T08:59:13+00:00
3808773a-23fc-436b-b29a-7a1bfaf33f3c,2025102200374,2,0,4,2025-10-22 12:00,2025-10-22 13:00,62041,桂林bird,广西壮族自治区,桂林市,荔浦市,荔浦市龙怀乡白卓,3808773a-23fc-436b-b29a-7a1bfaf33f3c,广西壮族自治区,桂林市,,,2025-08-01,2025-12-31,2,serial_id,asc,3,2026-08-12T08:59:13+00:00
22c6aa71-1363-46f2-8b15-23dc310219b6,2025102200728,2,0,5,2025-10-22 16:00,2025-10-22 17:00,54988,gospel123,广西壮族自治区,桂林市,象山区,桂林森林公园,22c6aa71-1363-46f2-8b15-23dc310219b6,广西壮族自治区,桂林市,,,2025-08-01,2025-12-31,2,serial_id,asc,3,2026-08-12T08:59:13+00:00
f404c043-59e1-4c72-8bf2-5e08b5478b9b,2025102200733,2,0,17,2025-10-22 14:00,2025-10-22 17:00,79763,nirvana,广西壮族自治区,桂林市,临桂区,会仙湿地,f404c043-59e1-4c72-8bf2-5e08b5478b9b,广西壮族自治区,桂林市,,,2025-08-01,2025-12-31,2,serial_id,asc,3,2026-08-12T08:59:13+00:00
6b1cd85f-6f21-44f3-ba84-092f1aebb158,2025102200945,2,0,9,2025-10-22 10:20,2025-10-22 12:20,94474,Natural,广西壮族自治区,桂林市,象山区,桂林森林公园,6b1cd85f-6f21-44f3-ba84-092f1aebb158,广西壮族自治区,桂林市,,,2025-08-01,2025-12-31,2,serial_id,asc,3,2026-08-12T08:59:13+00:00
cc3659a4-df21-4f0b-9482-d7acab7e64bd,2025102200948,2,0,12,2025-10-22 19:00,2025-10-22 20:00,94474,Natural,广西壮族自治区,桂林市,临桂区,会仙湿地,cc3659a4-df21-4f0b-9482-d7acab7e64bd,广西壮族自治区,桂林市,,,2025-08-01,2025-12-31,2,serial_id,asc,3,2026-08-12T08:59:13+00:00
bb5eaddf-c1f3-406d-946e-5171c3c3441e,2025102201112,2,0,17,2025-10-18 16:00,2025-10-20 12:30,24984,chris599,广西壮族自治区,桂林市,兴安县,猫儿山自然保护区,bb5eaddf-c1f3-406d-946e-5171c3c3441e,广西壮族自治区,桂林市,,,2025-08-01,2025-12-31,2,serial_id,asc,3,2026-08-12T08:59:13+00:00
a8a88b04-3008-481d-945e-2e7829508f0a,2025102301044,2,0,8,2025-10-23 17:00,2025-10-23 18:00,54988,gospel123,广西壮族自治区,桂林市,临桂区,车头村,a8a88b04-3008-481d-945e-2e7829508f0a,广西壮族自治区,桂林市,,,2025-08-01,2025-12-31,2,serial_id,asc,3,2026-08-12T08:59:13+00:00
dd9a19a4-7f0a-4127-999f-8fc571fb31d4,2025102400798,2,0,7,2025-10-24 15:00,2025-10-24 16:00,54988,gospel123,广西壮族自治区,桂林市,叠彩区,叠彩区大河乡上南洲,dd9a19a4-7f0a-4127-999f-8fc571fb31d4,广西壮族自治区,桂林市,,,2025-08-01,2025-12-31,2,serial_id,asc,3,2026-08-12T08:59:13+00:00
745eb18c-5875-44a5-8312-44b2b9e593bb,2025102400941,2,0,17,2025-10-24 16:15,2025-10-24 18:00,72005,澳洲恶霸葵花鹦鹉,广西壮族自治区,桂林市,秀峰区,田心里,745eb18c-5875-44a5-8312-44b2b9e593bb,广西壮族自治区,桂林市,,,2025-08-01,2025-12-31,2,serial_id,asc,3,2026-08-12T08:59:13+00:00
70a5f8d6-ab0e-49d1-9daf-5aa897160b87,2025102500185,2,0,2,2025-10-25 07:00,2025-10-25 08:00,43232,ElaineS,广西壮族自治区,桂林市,象山区,桂林森林公园,70a5f8d6-ab0e-49d1-9daf-5aa897160b87,广西壮族自治区,桂林市,,,2025-08-01,2025-12-31,2,serial_id,asc,3,2026-08-12T08:59:13+00:00
1d08ad28-0afb-4fbc-8878-0d79398cac70,2025102500228,2,0,2,2025-10-25 08:00,2025-10-25 09:00,43232,ElaineS,广西壮族自治区,桂林市,灵川县,漓江三星游船(磨盘山码头),1d08ad28-0afb-4fbc-8878-0d79398cac70,广西壮族自治区,桂林市,,,2025-08-01,2025-12-31,2,serial_id,asc,3,2026-08-12T08:59:13+00:00
0a9e2690-0cd4-45a9-89cf-2ec9cdafec81,2025102500912,2,0,1,2025-10-25 13:00,2025-10-25 14:00,72887,AeroBee,广西壮族自治区,桂林市,龙胜各族自治县,西山韶乐一号观景台,0a9e2690-0cd4-45a9-89cf-2ec9cdafec81,广西壮族自治区,桂林市,,,2025-08-01,2025-12-31,2,serial_id,asc,3,2026-08-12T08:59:13+00:00
12211c18-f2e6-410c-bab4-b049cf8f793c,2025102600229,2,0,1,2025-10-26 09:00,2025-10-26 10:00,43232,ElaineS,广西壮族自治区,桂林市,象山区,桂林森林公园,12211c18-f2e6-410c-bab4-b049cf8f793c,广西壮族自治区,桂林市,,,2025-08-01,2025-12-31,2,serial_id,asc,3,2026-08-12T08:59:13+00:00
18487fc3-a79c-4d8a-a8c7-bb69ce485ee9,2025102601151,2,0,30,2025-10-26 15:00,2025-10-26 16:00,37521,Dylan,广西壮族自治区,桂林市,雁山区,卫家渡村(桂林市雁山区),18487fc3-a79c-4d8a-a8c7-bb69ce485ee9,广西壮族自治区,桂林市,,,2025-08-01,2025-12-31,2,serial_id,asc,3,2026-08-12T08:59:13+00:00
9a5da4c7-baf5-4c0f-9566-8f60d62e5cf1,2025102602166,2,0,1,2025-10-26 14:00,2025-10-26 15:00,43232,ElaineS,广西壮族自治区,桂林市,象山区,象鼻山景区,9a5da4c7-baf5-4c0f-9566-8f60d62e5cf1,广西壮族自治区,桂林市,,,2025-08-01,2025-12-31,2,serial_id,asc,3,2026-08-12T08:59:13+00:00
7f0f9308-84ab-42db-a4bf-7c13aec63a5f,2025102701066,2,0,6,2025-10-27 17:00,2025-10-27 18:00,54988,gospel123,广西壮族自治区,桂林市,象山区,桂林森林公园,7f0f9308-84ab-42db-a4bf-7c13aec63a5f,广西壮族自治区,桂林市,,,2025-08-01,2025-12-31,2,serial_id,asc,3,2026-08-12T08:59:13+00:00
92f30358-5803-48a0-8c7f-fd052d2021e0,2025102800853,2,0,19,2025-10-18 15:00,2025-10-18 16:00,62832,Vanny,广西壮族自治区,桂林市,兴安县,猫儿山国家级自然保护区,92f30358-5803-48a0-8c7f-fd052d2021e0,广西壮族自治区,桂林市,,,2025-08-01,2025-12-31,2,serial_id,asc,3,2026-08-12T08:59:13+00:00
a2dfc019-de7e-44c9-b482-ab644dfb504a,2025102801149,2,0,6,2025-10-28 16:00,2025-10-28 17:00,54988,gospel123,广西壮族自治区,桂林市,临桂区,车头村,a2dfc019-de7e-44c9-b482-ab644dfb504a,广西壮族自治区,桂林市,,,2025-08-01,2025-12-31,2,serial_id,asc,3,2026-08-12T08:59:13+00:00
1cb53a13-c88b-4e17-8dca-7b0714f58ad1,2025102901323,2,0,17,2025-10-25 17:00,2025-10-25 19:00,37521,Dylan,广西壮族自治区,桂林市,雁山区,雁山区柘木镇卫家渡村,1cb53a13-c88b-4e17-8dca-7b0714f58ad1,广西壮族自治区,桂林市,,,2025-08-01,2025-12-31,2,serial_id,asc,4,2026-08-12T08:59:16+00:00
21e4714e-0c72-4a87-bef1-c393a0f93477,2025103101114,2,0,18,2025-10-31 16:30,2025-10-31 18:28,37521,Dylan,广西壮族自治区,桂林市,雁山区,雁山区柘木镇卫家渡村,21e4714e-0c72-4a87-bef1-c393a0f93477,广西壮族自治区,桂林市,,,2025-08-01,2025-12-31,2,serial_id,asc,4,2026-08-12T08:59:16+00:00
e92db183-2efc-46a9-9d96-d38dae461ee6,2025110100119,2,0,16,2025-10-31 08:30,2025-10-31 14:00,13491,dh0511,广西壮族自治区,桂林市,象山区,广西桂林国家森林公园,e92db183-2efc-46a9-9d96-d38dae461ee6,广西壮族自治区,桂林市,,,2025-08-01,2025-12-31,2,serial_id,asc,4,2026-08-12T08:59:16+00:00
ccb1b6e2-232c-4b87-b37e-5707d2e84d5d,2025110100530,2,0,22,2025-11-01 09:18,2025-11-01 12:00,45425,轻装前行,广西壮族自治区,桂林市,临桂区,临桂镇车头,ccb1b6e2-232c-4b87-b37e-5707d2e84d5d,广西壮族自治区,桂林市,,,2025-08-01,2025-12-31,2,serial_id,asc,4,2026-08-12T08:59:16+00:00
ef3779df-1c5b-405e-a6cf-1bff034b5310,2025110101126,2,0,10,2025-11-01 08:01,2025-11-01 12:00,62041,桂林bird,广西壮族自治区,桂林市,雁山区,雁山区柘木镇卫家渡村,ef3779df-1c5b-405e-a6cf-1bff034b5310,广西壮族自治区,桂林市,,,2025-08-01,2025-12-31,2,serial_id,asc,4,2026-08-12T08:59:16+00:00
5a1c1748-72b6-4b44-b3d0-944e32f97d61,2025110101997,2,0,5,2025-11-01 16:03,2025-11-01 18:22,62041,桂林bird,广西壮族自治区,桂林市,象山区,桂林森林公园,5a1c1748-72b6-4b44-b3d0-944e32f97d61,广西壮族自治区,桂林市,,,2025-08-01,2025-12-31,2,serial_id,asc,4,2026-08-12T08:59:16+00:00
7280b16a-b5e9-4cd7-8099-45fc4464f657,2025110200574,2,0,10,2025-11-02 10:00,2025-11-02 11:00,54988,gospel123,广西壮族自治区,桂林市,雁山区,灵川县漓江景区,7280b16a-b5e9-4cd7-8099-45fc4464f657,广西壮族自治区,桂林市,,,2025-08-01,2025-12-31,2,serial_id,asc,4,2026-08-12T08:59:16+00:00
80e486b7-5037-4e0a-bf8d-5752233b05e8,2025110202457,2,0,23,2025-11-01 08:00,2025-11-02 12:00,37521,Dylan,广西壮族自治区,桂林市,雁山区,雁山区柘木镇卫家渡村,80e486b7-5037-4e0a-bf8d-5752233b05e8,广西壮族自治区,桂林市,,,2025-08-01,2025-12-31,2,serial_id,asc,4,2026-08-12T08:59:16+00:00
9a90f1b2-d34f-4014-9040-4419db4cd52c,2025110400592,2,0,7,2025-11-01 17:00,2025-11-01 18:00,85912,tony00345,广西壮族自治区,桂林市,临桂区,会仙湿地,9a90f1b2-d34f-4014-9040-4419db4cd52c,广西壮族自治区,桂林市,,,2025-08-01,2025-12-31,2,serial_id,asc,4,2026-08-12T08:59:16+00:00
c29bc5f7-3d0d-4a62-a348-1b55e2e58dd9,2025110400606,2,0,12,2025-11-01 07:30,2025-11-01 11:30,85912,tony00345,广西壮族自治区,桂林市,阳朔县,聚龙·小镇Julon Posthouse山水度假酒店(阳朔十里画廊遇龙河店),c29bc5f7-3d0d-4a62-a348-1b55e2e58dd9,广西壮族自治区,桂林市,,,2025-08-01,2025-12-31,2,serial_id,asc,4,2026-08-12T08:59:16+00:00
9841a923-9982-454e-a963-fe04cc7de71b,2025110400615,2,0,9,2025-10-31 11:30,2025-10-31 17:00,85912,tony00345,广西壮族自治区,桂林市,阳朔县,兴坪古镇,9841a923-9982-454e-a963-fe04cc7de71b,广西壮族自治区,桂林市,,,2025-08-01,2025-12-31,2,serial_id,asc,4,2026-08-12T08:59:16+00:00
455f2681-de49-42d8-95ff-c5887047d2e6,2025110400674,2,0,2,2025-10-30 10:30,2025-10-30 11:00,85912,tony00345,广西壮族自治区,桂林市,象山区,象鼻山景区,455f2681-de49-42d8-95ff-c5887047d2e6,广西壮族自治区,桂林市,,,2025-08-01,2025-12-31,2,serial_id,asc,4,2026-08-12T08:59:16+00:00
2569ad1a-44a3-4b25-af06-c8b9f0d66ee3,2025110400678,2,0,8,2025-10-30 06:30,2025-11-04 08:30,85912,tony00345,广西壮族自治区,桂林市,象山区,广西桂林国家森林公园,2569ad1a-44a3-4b25-af06-c8b9f0d66ee3,广西壮族自治区,桂林市,,,2025-08-01,2025-12-31,2,serial_id,asc,4,2026-08-12T08:59:16+00:00
78db330b-9fab-45ea-91c7-50233926fb44,2025110500373,2,0,11,2025-11-05 10:00,2025-11-05 11:00,54988,gospel123,广西壮族自治区,桂林市,象山区,广西桂林国家森林公园,78db330b-9fab-45ea-91c7-50233926fb44,广西壮族自治区,桂林市,,,2025-08-01,2025-12-31,2,serial_id,asc,4,2026-08-12T08:59:16+00:00
ce8bf00f-0bc4-4fe4-8673-b3fc32e3e0c6,2025110600231,2,0,13,2025-11-05 08:38,2025-11-05 10:38,39084,李大鹏,广西壮族自治区,桂林市,临桂区,会仙湿地,ce8bf00f-0bc4-4fe4-8673-b3fc32e3e0c6,广西壮族自治区,桂林市,,,2025-08-01,2025-12-31,2,serial_id,asc,4,2026-08-12T08:59:16+00:00
1eeb79d7-0ecc-47df-a6ef-eb8910320e17,2025110600324,2,0,6,2025-11-06 10:00,2025-11-06 10:30,46204,AdmireVega,广西壮族自治区,桂林市,阳朔县,十里画廊来此遇龙(遇龙河夜游)东,1eeb79d7-0ecc-47df-a6ef-eb8910320e17,广西壮族自治区,桂林市,,,2025-08-01,2025-12-31,2,serial_id,asc,4,2026-08-12T08:59:16+00:00
f36a973e-a845-4809-8e35-5b335abc71f7,2025110600713,2,0,7,2025-11-06 16:00,2025-11-06 17:00,46204,AdmireVega,广西壮族自治区,桂林市,阳朔县,阳朔公园(宝泉路南),f36a973e-a845-4809-8e35-5b335abc71f7,广西壮族自治区,桂林市,,,2025-08-01,2025-12-31,2,serial_id,asc,4,2026-08-12T08:59:16+00:00
a96e952b-62d3-4c5f-8e97-22299ef0a8da,2025110700405,2,0,21,2025-11-07 08:00,2025-11-07 09:00,46204,AdmireVega,广西壮族自治区,桂林市,象山区,广西桂林国家森林公园,a96e952b-62d3-4c5f-8e97-22299ef0a8da,广西壮族自治区,桂林市,,,2025-08-01,2025-12-31,2,serial_id,asc,4,2026-08-12T08:59:16+00:00
6eaebe99-c00d-4120-8954-a3eb76b7499d,2025110800918,2,0,9,2025-11-08 11:16,2025-11-08 12:16,31460,kingwood,广西壮族自治区,桂林市,雁山区,漓江冠岩风景区,6eaebe99-c00d-4120-8954-a3eb76b7499d,广西壮族自治区,桂林市,,,2025-08-01,2025-12-31,2,serial_id,asc,4,2026-08-12T08:59:16+00:00
e2cc852b-441e-433d-a6d1-a918d9649cb8,2025110801910,2,0,22,2025-11-08 17:47,2025-11-08 20:47,45425,轻装前行,广西壮族自治区,桂林市,象山区,广西桂林国家森林公园,e2cc852b-441e-433d-a6d1-a918d9649cb8,广西壮族自治区,桂林市,,,2025-08-01,2025-12-31,2,serial_id,asc,4,2026-08-12T08:59:16+00:00
da005d8e-a49f-41d3-82c2-83826096372b,2025110900442,2,0,9,2025-11-09 10:00,2025-11-09 11:00,54988,gospel123,广西壮族自治区,桂林市,临桂区,车头村,da005d8e-a49f-41d3-82c2-83826096372b,广西壮族自治区,桂林市,,,2025-08-01,2025-12-31,2,serial_id,asc,4,2026-08-12T08:59:16+00:00
458b763c-5f7e-4810-9c1e-d7d2dafa0899,2025110900788,2,0,9,2025-11-09 11:00,2025-11-09 12:00,31460,kingwood,广西壮族自治区,桂林市,雁山区,雁山区草坪回族乡大屋里,458b763c-5f7e-4810-9c1e-d7d2dafa0899,广西壮族自治区,桂林市,,,2025-08-01,2025-12-31,2,serial_id,asc,4,2026-08-12T08:59:16+00:00
b4a5e093-cc43-4b35-ab61-c43faf71f8af,2025110900793,2,0,8,2025-11-09 08:00,2025-11-09 09:19,31460,kingwood,广西壮族自治区,桂林市,雁山区,桂林雁山天河晖廷云居酒店,b4a5e093-cc43-4b35-ab61-c43faf71f8af,广西壮族自治区,桂林市,,,2025-08-01,2025-12-31,2,serial_id,asc,4,2026-08-12T08:59:16+00:00
617880be-61a3-4bdd-9d5c-b7816ddc6b49,2025111300140,2,0,18,2025-11-13 08:00,2025-11-13 09:00,45425,轻装前行,广西壮族自治区,桂林市,象山区,广西桂林国家森林公园,617880be-61a3-4bdd-9d5c-b7816ddc6b49,广西壮族自治区,桂林市,,,2025-08-01,2025-12-31,2,serial_id,asc,4,2026-08-12T08:59:16+00:00
6a4425fc-655c-47a9-9bd1-2a2abe3f98e3,2025111400143,2,0,5,2025-11-01 16:30,2025-11-01 17:30,92250,sva,广西壮族自治区,桂林市,临桂区,车头村,6a4425fc-655c-47a9-9bd1-2a2abe3f98e3,广西壮族自治区,桂林市,,,2025-08-01,2025-12-31,2,serial_id,asc,4,2026-08-12T08:59:16+00:00
ba0672cd-f0d6-471c-be6c-f824f2a1a96d,2025111400146,2,0,7,2025-11-02 08:25,2025-11-02 09:25,92250,sva,广西壮族自治区,桂林市,灵川县,卫家渡,ba0672cd-f0d6-471c-be6c-f824f2a1a96d,广西壮族自治区,桂林市,,,2025-08-01,2025-12-31,2,serial_id,asc,4,2026-08-12T08:59:16+00:00
d61700a1-178f-44bb-9c40-209291b3990c,2025111401332,2,0,18,2025-11-09 09:30,2025-11-09 13:48,37521,Dylan,广西壮族自治区,桂林市,临桂区,车头村,d61700a1-178f-44bb-9c40-209291b3990c,广西壮族自治区,桂林市,,,2025-08-01,2025-12-31,2,serial_id,asc,4,2026-08-12T08:59:16+00:00
bd4a2737-93ff-471e-b6fd-fff716052071,2025111500881,2,0,6,2025-11-15 09:00,2025-11-15 11:17,92250,sva,广西壮族自治区,桂林市,临桂区,临桂镇廖家村,bd4a2737-93ff-471e-b6fd-fff716052071,广西壮族自治区,桂林市,,,2025-08-01,2025-12-31,2,serial_id,asc,4,2026-08-12T08:59:16+00:00
dd202c53-151e-4005-81a0-64c7180e8495,2025111501380,2,0,13,2025-11-15 16:00,2025-11-15 17:00,45425,轻装前行,广西壮族自治区,桂林市,雁山区,柘木镇白鹭滩,dd202c53-151e-4005-81a0-64c7180e8495,广西壮族自治区,桂林市,,,2025-08-01,2025-12-31,2,serial_id,asc,4,2026-08-12T08:59:16+00:00
fdc13077-904b-40b5-b636-7393e38dad73,2025111600171,2,0,20,2025-11-16 06:30,2025-11-16 11:00,56974,MoliLi,广西壮族自治区,桂林市,临桂区,凤穴村,fdc13077-904b-40b5-b636-7393e38dad73,广西壮族自治区,桂林市,,,2025-08-01,2025-12-31,2,serial_id,asc,4,2026-08-12T08:59:16+00:00
4cc9fccc-dbed-4979-920f-58adcd9fe39e,2025111600352,2,0,16,2025-11-16 06:21,2025-11-16 08:07,45425,轻装前行,广西壮族自治区,桂林市,临桂区,凤穴村,4cc9fccc-dbed-4979-920f-58adcd9fe39e,广西壮族自治区,桂林市,,,2025-08-01,2025-12-31,2,serial_id,asc,4,2026-08-12T08:59:16+00:00
cc48b2b3-f018-4530-b598-d046cd5fdd18,2025111600381,2,0,16,2025-11-16 08:00,2025-11-16 09:00,54988,gospel123,广西壮族自治区,桂林市,临桂区,车头村,cc48b2b3-f018-4530-b598-d046cd5fdd18,广西壮族自治区,桂林市,,,2025-08-01,2025-12-31,2,serial_id,asc,4,2026-08-12T08:59:16+00:00
35e096bc-e402-4321-bd70-686493f767c8,2025111600729,2,0,9,2025-11-16 12:00,2025-11-16 13:00,45425,轻装前行,广西壮族自治区,桂林市,叠彩区,世外陶园度假餐厅,35e096bc-e402-4321-bd70-686493f767c8,广西壮族自治区,桂林市,,,2025-08-01,2025-12-31,2,serial_id,asc,4,2026-08-12T08:59:16+00:00
f0194696-0114-4684-a89a-5478abdb60b8,2025111601044,2,0,7,2025-11-16 13:45,2025-11-16 16:30,56974,MoliLi,广西壮族自治区,桂林市,象山区,森林公园,f0194696-0114-4684-a89a-5478abdb60b8,广西壮族自治区,桂林市,,,2025-08-01,2025-12-31,2,serial_id,asc,4,2026-08-12T08:59:16+00:00
fa2619d0-50fc-42d2-a3c5-448d6d41696b,2025111602059,2,0,9,2025-11-16 16:00,2025-11-16 18:00,62041,桂林bird,广西壮族自治区,桂林市,灵川县,灵川镇老圩,fa2619d0-50fc-42d2-a3c5-448d6d41696b,广西壮族自治区,桂林市,,,2025-08-01,2025-12-31,2,serial_id,asc,4,2026-08-12T08:59:16+00:00
720e6817-2cae-4e59-a925-5956671a8035,2025111800193,2,0,4,2025-11-17 13:00,2025-11-17 13:30,68484,milandodo,广西壮族自治区,桂林市,七星区,尧山,720e6817-2cae-4e59-a925-5956671a8035,广西壮族自治区,桂林市,,,2025-08-01,2025-12-31,2,serial_id,asc,4,2026-08-12T08:59:16+00:00
47482768-8cb8-4d96-a4a7-7cffc43e0e24,2025111900401,2,0,6,2025-11-19 13:00,2025-11-19 14:00,72005,澳洲恶霸葵花鹦鹉,广西壮族自治区,桂林市,象山区,南溪山公园,47482768-8cb8-4d96-a4a7-7cffc43e0e24,广西壮族自治区,桂林市,,,2025-08-01,2025-12-31,2,serial_id,asc,4,2026-08-12T08:59:16+00:00
33ff9431-4bbc-4b01-beb1-39844d510add,2025112100021,2,0,10,2025-11-21 00:00,2025-11-21 01:00,24573,辛巴,广西壮族自治区,桂林市,阳朔县,广西阳朔遇龙河,33ff9431-4bbc-4b01-beb1-39844d510add,广西壮族自治区,桂林市,,,2025-08-01,2025-12-31,2,serial_id,asc,4,2026-08-12T08:59:16+00:00
220b2861-eb96-46ec-8986-3a91d1370ab1,2025112100213,2,0,14,2025-11-21 07:00,2025-11-21 10:00,62041,桂林bird,广西壮族自治区,桂林市,象山区,广西桂林国家森林公园,220b2861-eb96-46ec-8986-3a91d1370ab1,广西壮族自治区,桂林市,,,2025-08-01,2025-12-31,2,serial_id,asc,4,2026-08-12T08:59:16+00:00
7440acbf-4ee9-434c-997a-ada5cf53e663,2025112201085,2,0,24,2025-11-22 14:00,2025-11-22 15:00,45425,轻装前行,广西壮族自治区,桂林市,灵川县,灵川县灵田镇花江,7440acbf-4ee9-434c-997a-ada5cf53e663,广西壮族自治区,桂林市,,,2025-08-01,2025-12-31,2,serial_id,asc,4,2026-08-12T08:59:16+00:00
5a085885-fc7e-44d1-82b5-3c57ed135491,2025112202475,2,0,9,2025-11-22 16:45,2025-11-22 18:30,37521,Dylan,广西壮族自治区,桂林市,象山区,桂林森林公园,5a085885-fc7e-44d1-82b5-3c57ed135491,广西壮族自治区,桂林市,,,2025-08-01,2025-12-31,2,serial_id,asc,4,2026-08-12T08:59:16+00:00
fc9ae8f2-7cb6-4a1a-8fb0-05118fa0a897,2025112301894,2,0,6,2025-11-23 17:00,2025-11-23 18:00,69505,汉丁白玉,广西壮族自治区,桂林市,临桂区,车头村,fc9ae8f2-7cb6-4a1a-8fb0-05118fa0a897,广西壮族自治区,桂林市,,,2025-08-01,2025-12-31,2,serial_id,asc,4,2026-08-12T08:59:16+00:00
95de9278-99ea-4bc3-b26d-4df7f9fadb36,2025112500486,2,0,3,2025-11-25 10:15,2025-11-25 13:00,21747,东川砥柱,广西壮族自治区,桂林市,阳朔县,相公山,95de9278-99ea-4bc3-b26d-4df7f9fadb36,广西壮族自治区,桂林市,,,2025-08-01,2025-12-31,2,serial_id,asc,4,2026-08-12T08:59:16+00:00
b68fb4a6-7d07-4076-a42a-d5aec911866b,2025112501294,2,0,10,2025-11-24 10:05,2025-11-25 13:05,35264,大鱼狗,广西壮族自治区,桂林市,临桂区,廖家村,b68fb4a6-7d07-4076-a42a-d5aec911866b,广西壮族自治区,桂林市,,,2025-08-01,2025-12-31,2,serial_id,asc,4,2026-08-12T08:59:16+00:00
190a9019-b36b-4a05-9892-681d7e018a52,2025112501298,2,0,10,2025-11-24 10:05,2025-11-25 13:05,11217,超可爱的小洁洁,广西壮族自治区,桂林市,临桂区,廖家村,190a9019-b36b-4a05-9892-681d7e018a52,广西壮族自治区,桂林市,,,2025-08-01,2025-12-31,2,serial_id,asc,4,2026-08-12T08:59:16+00:00
f76d6a75-d922-4d0f-8599-90777ac6c99c,2025112600215,2,0,14,2025-11-26 07:00,2025-11-26 09:16,62041,桂林bird,广西壮族自治区,桂林市,象山区,广西桂林国家森林公园,f76d6a75-d922-4d0f-8599-90777ac6c99c,广西壮族自治区,桂林市,,,2025-08-01,2025-12-31,2,serial_id,asc,4,2026-08-12T08:59:16+00:00
315dc67f-e773-4b2e-b034-99d3a7887172,2025112700479,2,0,11,2025-11-27 07:00,2025-11-27 08:00,92250,sva,广西壮族自治区,桂林市,临桂区,临桂镇廖家村,315dc67f-e773-4b2e-b034-99d3a7887172,广西壮族自治区,桂林市,,,2025-08-01,2025-12-31,2,serial_id,asc,4,2026-08-12T08:59:16+00:00
16cf295e-3305-42c5-9d45-9251deb65211,2025112701121,2,0,3,2025-11-16 00:00,2025-11-16 12:00,92250,sva,广西壮族自治区,桂林市,恭城瑶族自治县,山下寨村,16cf295e-3305-42c5-9d45-9251deb65211,广西壮族自治区,桂林市,,,2025-08-01,2025-12-31,2,serial_id,asc,4,2026-08-12T08:59:16+00:00
4d532959-96fc-4a4d-996c-31aacf33cd12,2025112701138,2,0,4,2025-11-21 19:20,2025-11-21 21:20,92250,sva,广西壮族自治区,桂林市,象山区,广西桂林国家森林公园,4d532959-96fc-4a4d-996c-31aacf33cd12,广西壮族自治区,桂林市,,,2025-08-01,2025-12-31,2,serial_id,asc,4,2026-08-12T08:59:16+00:00
41b44ae3-e125-48a0-b0fc-71dca6b425c9,2025112701155,2,0,12,2025-11-22 07:00,2025-11-22 09:00,92250,sva,广西壮族自治区,桂林市,临桂区,临桂镇廖家村,41b44ae3-e125-48a0-b0fc-71dca6b425c9,广西壮族自治区,桂林市,,,2025-08-01,2025-12-31,2,serial_id,asc,4,2026-08-12T08:59:16+00:00
ce44fd75-252a-4f29-958d-df7781c5bc24,2025112701186,2,0,11,2025-11-23 07:00,2025-11-23 10:30,92250,sva,广西壮族自治区,桂林市,临桂区,临桂镇廖家村,ce44fd75-252a-4f29-958d-df7781c5bc24,广西壮族自治区,桂林市,,,2025-08-01,2025-12-31,2,serial_id,asc,5,2026-08-12T08:59:20+00:00
21e7646a-fbd2-49ab-81ea-c27e5ff56342,2025112800094,2,0,6,2025-11-28 07:17,2025-11-28 09:00,20629,芯王,广西壮族自治区,桂林市,临桂区,车头村,21e7646a-fbd2-49ab-81ea-c27e5ff56342,广西壮族自治区,桂林市,,,2025-08-01,2025-12-31,2,serial_id,asc,5,2026-08-12T08:59:20+00:00
cda0729d-2c97-42d9-a247-04bcddd178fd,2025112800113,2,0,4,2025-11-28 07:00,2025-11-28 08:00,92250,sva,广西壮族自治区,桂林市,临桂区,临桂镇廖家村,cda0729d-2c97-42d9-a247-04bcddd178fd,广西壮族自治区,桂林市,,,2025-08-01,2025-12-31,2,serial_id,asc,5,2026-08-12T08:59:20+00:00
f778ca93-6514-429c-9682-a14b6073b517,2025112800466,2,0,14,2025-11-28 07:22,2025-11-28 11:23,30692,云锦,广西壮族自治区,桂林市,临桂区,车头村,f778ca93-6514-429c-9682-a14b6073b517,广西壮族自治区,桂林市,,,2025-08-01,2025-12-31,2,serial_id,asc,5,2026-08-12T08:59:20+00:00
82dcb5f9-c012-4290-9f0f-be60a1c9beb8,2025112800589,2,0,6,2025-11-28 06:48,2025-11-28 10:48,31875,sulala,广西壮族自治区,桂林市,临桂区,麒麟村(桂林市临桂区),82dcb5f9-c012-4290-9f0f-be60a1c9beb8,广西壮族自治区,桂林市,,,2025-08-01,2025-12-31,2,serial_id,asc,5,2026-08-12T08:59:20+00:00
be7b261f-e5e3-4d76-a159-f5edf7b55050,2025112801221,2,0,7,2025-11-28 07:00,2025-11-28 08:00,92250,sva,广西壮族自治区,桂林市,临桂区,临桂镇廖家村,be7b261f-e5e3-4d76-a159-f5edf7b55050,广西壮族自治区,桂林市,,,2025-08-01,2025-12-31,2,serial_id,asc,5,2026-08-12T08:59:20+00:00
1b41552d-769d-42d6-8f78-461abcdccb8b,2025112900162,2,0,22,2025-11-29 09:00,2025-11-29 10:00,45425,轻装前行,广西壮族自治区,桂林市,临桂区,临桂镇车头,1b41552d-769d-42d6-8f78-461abcdccb8b,广西壮族自治区,桂林市,,,2025-08-01,2025-12-31,2,serial_id,asc,5,2026-08-12T08:59:20+00:00
f34e2bc7-d1c4-4f94-a6eb-07fd57673e37,2025112901084,2,0,8,2025-11-29 15:00,2025-11-29 16:00,29986,虬江,广西壮族自治区,桂林市,临桂区,廖家村,f34e2bc7-d1c4-4f94-a6eb-07fd57673e37,广西壮族自治区,桂林市,,,2025-08-01,2025-12-31,2,serial_id,asc,5,2026-08-12T08:59:20+00:00
c55394be-5852-4c17-9957-55c1b02e2a73,2025112901731,2,0,12,2025-11-29 16:00,2025-11-29 17:28,62041,桂林bird,广西壮族自治区,桂林市,灵川县,灵川镇老圩,c55394be-5852-4c17-9957-55c1b02e2a73,广西壮族自治区,桂林市,,,2025-08-01,2025-12-31,2,serial_id,asc,5,2026-08-12T08:59:20+00:00
8ad4d063-b3e7-48f1-b219-7bbf28d8e1b7,2025113000116,2,0,2,2025-11-29 16:00,2025-11-29 17:00,63026,gallups,广西壮族自治区,桂林市,象山区,象山景区,8ad4d063-b3e7-48f1-b219-7bbf28d8e1b7,广西壮族自治区,桂林市,,,2025-08-01,2025-12-31,2,serial_id,asc,5,2026-08-12T08:59:20+00:00
2aab7e9b-0c5b-42d9-8844-8fd5ed5bbfc8,2025113000451,2,0,19,2025-11-30 07:00,2025-11-30 10:00,92250,sva,广西壮族自治区,桂林市,阳朔县,阳朔县高田镇竹蔸寨村,2aab7e9b-0c5b-42d9-8844-8fd5ed5bbfc8,广西壮族自治区,桂林市,,,2025-08-01,2025-12-31,2,serial_id,asc,5,2026-08-12T08:59:20+00:00
d8be0055-593d-4925-bc61-986b25191bc9,2025113000659,2,0,1,2025-11-30 10:00,2025-11-30 11:00,62041,桂林bird,广西壮族自治区,桂林市,七星区,乌桕滩,d8be0055-593d-4925-bc61-986b25191bc9,广西壮族自治区,桂林市,,,2025-08-01,2025-12-31,2,serial_id,asc,5,2026-08-12T08:59:20+00:00
d0a63f7a-23c7-46e6-8d99-168b6ad97144,2025113001404,2,0,5,2025-11-30 15:00,2025-11-30 16:00,48286,HHowryou,广西壮族自治区,桂林市,永福县,老虎口水库,d0a63f7a-23c7-46e6-8d99-168b6ad97144,广西壮族自治区,桂林市,,,2025-08-01,2025-12-31,2,serial_id,asc,5,2026-08-12T08:59:20+00:00
8e1c1133-9af0-413d-88c1-d88a8896100c,2025113001982,2,0,5,2025-11-30 13:00,2025-11-30 15:00,63026,gallups,广西壮族自治区,桂林市,龙胜各族自治县,龙脊梯田风景名胜区,8e1c1133-9af0-413d-88c1-d88a8896100c,广西壮族自治区,桂林市,,,2025-08-01,2025-12-31,2,serial_id,asc,5,2026-08-12T08:59:20+00:00
d095f25d-bac3-4560-87c5-98e46c4e7ff2,2025113002285,2,0,5,2025-11-30 17:00,2025-11-30 18:42,62041,桂林bird,广西壮族自治区,桂林市,象山区,广西桂林国家森林公园,d095f25d-bac3-4560-87c5-98e46c4e7ff2,广西壮族自治区,桂林市,,,2025-08-01,2025-12-31,2,serial_id,asc,5,2026-08-12T08:59:20+00:00
8d2b7cd1-00ee-4bb3-a316-47df1dacf43b,2025113002444,2,0,6,2025-11-30 07:00,2025-11-30 09:00,94728,一色,广西壮族自治区,桂林市,兴安县,兴安县漠川乡座山村,8d2b7cd1-00ee-4bb3-a316-47df1dacf43b,广西壮族自治区,桂林市,,,2025-08-01,2025-12-31,2,serial_id,asc,5,2026-08-12T08:59:20+00:00
38d34b5f-fadb-440e-94cd-dc219316b5c3,2025113002459,2,0,11,2025-11-30 13:00,2025-11-30 16:00,94728,一色,广西壮族自治区,桂林市,兴安县,兴安县漠川中心小学(政兴路南),38d34b5f-fadb-440e-94cd-dc219316b5c3,广西壮族自治区,桂林市,,,2025-08-01,2025-12-31,2,serial_id,asc,5,2026-08-12T08:59:20+00:00
4847c444-c0a6-4318-851f-1971aeacdc85,2025120101483,2,0,9,2025-12-01 15:00,2025-12-01 17:00,63026,gallups,广西壮族自治区,桂林市,阳朔县,漓江风景区-阳朔水上游航线,4847c444-c0a6-4318-851f-1971aeacdc85,广西壮族自治区,桂林市,,,2025-08-01,2025-12-31,2,serial_id,asc,5,2026-08-12T08:59:20+00:00
616c421e-e44f-43a1-bb6d-dfd7db96930d,2025120400466,2,0,8,2025-12-04 13:00,2025-12-04 14:00,68484,milandodo,广西壮族自治区,桂林市,七星区,桂林电器科学研究院有限公司,616c421e-e44f-43a1-bb6d-dfd7db96930d,广西壮族自治区,桂林市,,,2025-08-01,2025-12-31,2,serial_id,asc,5,2026-08-12T08:59:20+00:00
2568f42a-bbfd-4102-a901-2106ab0566bf,2025120500232,2,0,7,2025-12-05 07:05,2025-12-05 09:32,62041,桂林bird,广西壮族自治区,桂林市,象山区,广西桂林国家森林公园,2568f42a-bbfd-4102-a901-2106ab0566bf,广西壮族自治区,桂林市,,,2025-08-01,2025-12-31,2,serial_id,asc,5,2026-08-12T08:59:20+00:00
446e3c0d-adf4-40a3-9020-1aa953f819ab,2025120500924,2,0,1,2025-12-05 16:00,2025-12-05 17:00,63179,林琦,广西壮族自治区,桂林市,雁山区,广西师范大学雁山校区,446e3c0d-adf4-40a3-9020-1aa953f819ab,广西壮族自治区,桂林市,,,2025-08-01,2025-12-31,2,serial_id,asc,5,2026-08-12T08:59:20+00:00
ce8554f1-03fc-450e-95cf-4f44a34be647,2025120600163,2,0,32,2025-12-06 08:00,2025-12-06 11:04,45425,轻装前行,广西壮族自治区,桂林市,象山区,广西桂林国家森林公园,ce8554f1-03fc-450e-95cf-4f44a34be647,广西壮族自治区,桂林市,,,2025-08-01,2025-12-31,2,serial_id,asc,5,2026-08-12T08:59:20+00:00
a5613e10-0a81-4600-803e-095af392a950,2025120601132,2,0,7,2025-12-06 09:03,2025-12-06 15:09,72887,AeroBee,广西壮族自治区,桂林市,象山区,森林公园,a5613e10-0a81-4600-803e-095af392a950,广西壮族自治区,桂林市,,,2025-08-01,2025-12-31,2,serial_id,asc,5,2026-08-12T08:59:20+00:00
1e28c899-996e-44a6-86a0-4741b3618ad0,2025120601224,2,0,29,2025-12-06 08:00,2025-12-06 13:30,44529,勺勺子,广西壮族自治区,桂林市,象山区,广西桂林国家森林公园,1e28c899-996e-44a6-86a0-4741b3618ad0,广西壮族自治区,桂林市,,,2025-08-01,2025-12-31,2,serial_id,asc,5,2026-08-12T08:59:20+00:00
3600c7a6-89a5-45f3-b4f0-7a13ffd5431f,2025120601320,2,0,5,2025-12-06 07:00,2025-12-06 13:00,62041,桂林bird,广西壮族自治区,桂林市,象山区,广西桂林国家森林公园,3600c7a6-89a5-45f3-b4f0-7a13ffd5431f,广西壮族自治区,桂林市,,,2025-08-01,2025-12-31,2,serial_id,asc,5,2026-08-12T08:59:20+00:00
886d02e3-227e-4f12-9a58-101fe5b5232e,2025120700079,2,0,18,2025-12-07 07:00,2025-12-07 08:00,52178,素素,广西壮族自治区,桂林市,临桂区,临桂镇,886d02e3-227e-4f12-9a58-101fe5b5232e,广西壮族自治区,桂林市,,,2025-08-01,2025-12-31,2,serial_id,asc,5,2026-08-12T08:59:20+00:00
c1fce30c-62d7-41d9-b53b-f6fef1a2633d,2025120700469,2,0,15,2025-12-07 07:15,2025-12-07 12:00,10728,草羊,广西壮族自治区,桂林市,临桂区,廖家村,c1fce30c-62d7-41d9-b53b-f6fef1a2633d,广西壮族自治区,桂林市,,,2025-08-01,2025-12-31,2,serial_id,asc,5,2026-08-12T08:59:20+00:00
424d8b37-10bb-49e7-abdf-71b2be46c5d3,2025120701384,2,0,33,2025-12-07 10:00,2025-12-07 13:40,37521,Dylan,广西壮族自治区,桂林市,灵川县,灵川县灵田镇花江,424d8b37-10bb-49e7-abdf-71b2be46c5d3,广西壮族自治区,桂林市,,,2025-08-01,2025-12-31,2,serial_id,asc,5,2026-08-12T08:59:20+00:00
0cb3996d-a1cc-45e0-86a0-8f8eea64e7a2,2025120701450,2,0,25,2025-12-07 08:00,2025-12-07 13:00,62041,桂林bird,广西壮族自治区,桂林市,灵川县,灵川县灵田镇东田村,0cb3996d-a1cc-45e0-86a0-8f8eea64e7a2,广西壮族自治区,桂林市,,,2025-08-01,2025-12-31,2,serial_id,asc,5,2026-08-12T08:59:20+00:00
e3dd9aa8-e612-4214-9dd1-183fccb61edc,2025120701631,2,0,23,2025-12-06 08:00,2025-12-06 17:30,23209,心景,广西壮族自治区,桂林市,临桂区,廖家村,e3dd9aa8-e612-4214-9dd1-183fccb61edc,广西壮族自治区,桂林市,,,2025-08-01,2025-12-31,2,serial_id,asc,5,2026-08-12T08:59:20+00:00
5d603459-4a48-45d0-b2dd-b62644ff3e3e,2025120701664,2,0,23,2025-12-07 08:00,2025-12-07 09:00,54988,gospel123,广西壮族自治区,桂林市,灵川县,灵川县灵田镇花江,5d603459-4a48-45d0-b2dd-b62644ff3e3e,广西壮族自治区,桂林市,,,2025-08-01,2025-12-31,2,serial_id,asc,5,2026-08-12T08:59:20+00:00
480adca5-5711-4c28-b448-2b88a154b6cd,2025120702095,2,0,26,2025-12-07 08:00,2025-12-07 13:00,92250,sva,广西壮族自治区,桂林市,灵川县,莫家庄,480adca5-5711-4c28-b448-2b88a154b6cd,广西壮族自治区,桂林市,,,2025-08-01,2025-12-31,2,serial_id,asc,5,2026-08-12T08:59:20+00:00
2b378ef6-d533-475b-b470-b28b49aacf70,2025120800776,2,0,20,2025-12-08 07:15,2025-12-08 10:00,44529,勺勺子,广西壮族自治区,桂林市,临桂区,车头村,2b378ef6-d533-475b-b470-b28b49aacf70,广西壮族自治区,桂林市,,,2025-08-01,2025-12-31,2,serial_id,asc,5,2026-08-12T08:59:20+00:00
f73e0c68-2828-4dcc-8701-0aa849c21767,2025120800829,2,0,25,2025-12-08 07:15,2025-12-08 10:00,73106,Akira2025,广西壮族自治区,桂林市,临桂区,车头村,f73e0c68-2828-4dcc-8701-0aa849c21767,广西壮族自治区,桂林市,,,2025-08-01,2025-12-31,2,serial_id,asc,5,2026-08-12T08:59:20+00:00
7756d4a7-e70c-420a-9e83-5b1160a40100,2025120801510,2,0,4,2025-12-08 15:24,2025-12-08 17:00,73106,Akira2025,广西壮族自治区,桂林市,雁山区,王家洲露营休闲钓鱼基地,7756d4a7-e70c-420a-9e83-5b1160a40100,广西壮族自治区,桂林市,,,2025-08-01,2025-12-31,2,serial_id,asc,5,2026-08-12T08:59:20+00:00
001e3a61-9c9e-4a0a-91d1-5dc7fd56ce0c,2025120900246,2,0,8,2025-12-09 10:00,2025-12-09 11:00,27512,Caroline,广西壮族自治区,桂林市,阳朔县,灵川县漓江景区洲边汐院(阳朔20元人民币景区店),001e3a61-9c9e-4a0a-91d1-5dc7fd56ce0c,广西壮族自治区,桂林市,,,2025-08-01,2025-12-31,2,serial_id,asc,5,2026-08-12T08:59:20+00:00
eebaa06d-5cbc-467d-8adf-ec3af0624736,2025120900639,2,0,20,2025-12-08 07:00,2025-12-08 11:30,20348,张小玲,广西壮族自治区,桂林市,临桂区,临桂镇,eebaa06d-5cbc-467d-8adf-ec3af0624736,广西壮族自治区,桂林市,,,2025-08-01,2025-12-31,2,serial_id,asc,5,2026-08-12T08:59:20+00:00
3f84e1d0-523b-4fa7-8adb-9ff4478cbfe6,2025121000612,2,0,26,2025-12-10 07:30,2025-12-10 11:06,44529,勺勺子,广西壮族自治区,桂林市,象山区,桂林森林公园,3f84e1d0-523b-4fa7-8adb-9ff4478cbfe6,广西壮族自治区,桂林市,,,2025-08-01,2025-12-31,2,serial_id,asc,5,2026-08-12T08:59:20+00:00
e67ea730-6015-4683-9af6-039e3eb44217,2025121000720,2,0,21,2025-12-10 07:30,2025-12-10 11:06,73106,Akira2025,广西壮族自治区,桂林市,象山区,桂林森林公园,e67ea730-6015-4683-9af6-039e3eb44217,广西壮族自治区,桂林市,,,2025-08-01,2025-12-31,2,serial_id,asc,5,2026-08-12T08:59:20+00:00
61d2ac16-395e-4ee9-8944-f7b0eca51884,2025121100007,2,0,20,2025-12-10 15:30,2025-12-10 18:00,37521,Dylan,广西壮族自治区,桂林市,雁山区,雁山区柘木镇卫家渡村,61d2ac16-395e-4ee9-8944-f7b0eca51884,广西壮族自治区,桂林市,,,2025-08-01,2025-12-31,2,serial_id,asc,5,2026-08-12T08:59:20+00:00
b6839f2c-25b1-4094-8fc0-cc205b2b64d5,2025121100272,2,0,5,2025-12-11 07:00,2025-12-11 11:00,6568,benjifu,广西壮族自治区,桂林市,灵川县,青狮潭水库风景区,b6839f2c-25b1-4094-8fc0-cc205b2b64d5,广西壮族自治区,桂林市,,,2025-08-01,2025-12-31,2,serial_id,asc,5,2026-08-12T08:59:20+00:00
cef71a70-5d66-491c-b0e9-9ef54734be5f,2025121100609,2,0,19,2025-12-09 07:20,2025-12-09 10:30,73106,Akira2025,广西壮族自治区,桂林市,临桂区,车头村,cef71a70-5d66-491c-b0e9-9ef54734be5f,广西壮族自治区,桂林市,,,2025-08-01,2025-12-31,2,serial_id,asc,5,2026-08-12T08:59:20+00:00
3a55732c-08bb-41c8-9a1b-352144af7ee8,2025121100622,2,0,12,2025-12-09 11:00,2025-12-09 13:30,73106,Akira2025,广西壮族自治区,桂林市,灵川县,灵川县灵田镇花江,3a55732c-08bb-41c8-9a1b-352144af7ee8,广西壮族自治区,桂林市,,,2025-08-01,2025-12-31,2,serial_id,asc,5,2026-08-12T08:59:20+00:00
2c6847fa-039f-406d-a615-8f53dba6adcd,2025121100636,2,0,27,2025-12-11 08:00,2025-12-11 12:00,73106,Akira2025,广西壮族自治区,桂林市,象山区,森林公园,2c6847fa-039f-406d-a615-8f53dba6adcd,广西壮族自治区,桂林市,,,2025-08-01,2025-12-31,2,serial_id,asc,5,2026-08-12T08:59:20+00:00
03241d0a-23d7-4373-a3f7-a551e3f20262,2025121100664,2,0,5,2025-12-11 13:00,2025-12-11 13:30,92250,sva,广西壮族自治区,桂林市,象山区,南溪山公园,03241d0a-23d7-4373-a3f7-a551e3f20262,广西壮族自治区,桂林市,,,2025-08-01,2025-12-31,2,serial_id,asc,5,2026-08-12T08:59:20+00:00
6c6011fa-b875-46be-b778-419b92fe2b7f,2025121100718,2,0,27,2025-12-11 08:00,2025-12-11 12:00,44529,勺勺子,广西壮族自治区,桂林市,象山区,森林公园,6c6011fa-b875-46be-b778-419b92fe2b7f,广西壮族自治区,桂林市,,,2025-08-01,2025-12-31,2,serial_id,asc,5,2026-08-12T08:59:20+00:00
007c4856-91d2-4f58-8cb2-aae31e4055c2,2025121100828,2,0,1,2025-12-11 15:00,2025-12-11 16:00,73106,Akira2025,广西壮族自治区,桂林市,象山区,彰泰城南(平山北路),007c4856-91d2-4f58-8cb2-aae31e4055c2,广西壮族自治区,桂林市,,,2025-08-01,2025-12-31,2,serial_id,asc,5,2026-08-12T08:59:20+00:00
2e873cd9-f60f-49ee-bd11-52dab7c3929a,2025121100830,2,0,1,2025-12-11 15:40,2025-12-11 15:48,44529,勺勺子,广西壮族自治区,桂林市,象山区,彰泰城,2e873cd9-f60f-49ee-bd11-52dab7c3929a,广西壮族自治区,桂林市,,,2025-08-01,2025-12-31,2,serial_id,asc,5,2026-08-12T08:59:20+00:00
85c5ff87-a315-4d66-9b58-30c53ed740da,2025121300569,2,0,7,2025-12-13 13:00,2025-12-13 14:00,70639,糖酥薄饼,广西壮族自治区,桂林市,灵川县,灵川县公平乡大桥,85c5ff87-a315-4d66-9b58-30c53ed740da,广西壮族自治区,桂林市,,,2025-08-01,2025-12-31,2,serial_id,asc,5,2026-08-12T08:59:20+00:00
9b45aab2-93df-4b2e-857c-3ecba84b2c99,2025121400269,2,0,11,2025-12-14 08:00,2025-12-14 09:00,54988,gospel123,广西壮族自治区,桂林市,秀峰区,田心里,9b45aab2-93df-4b2e-857c-3ecba84b2c99,广西壮族自治区,桂林市,,,2025-08-01,2025-12-31,2,serial_id,asc,5,2026-08-12T08:59:20+00:00
b56c0231-03be-4bb6-aaa5-0437ecf50edd,2025121401233,2,0,14,2025-12-14 09:50,2025-12-14 12:30,62041,桂林bird,广西壮族自治区,桂林市,灵川县,灵川镇南昌村,b56c0231-03be-4bb6-aaa5-0437ecf50edd,广西壮族自治区,桂林市,,,2025-08-01,2025-12-31,2,serial_id,asc,6,2026-08-12T08:59:23+00:00
0cf05241-298b-433e-8c43-e792796b5f76,2025121401313,2,0,6,2025-12-14 10:04,2025-12-14 12:04,92250,sva,广西壮族自治区,桂林市,秀峰区,田心里,0cf05241-298b-433e-8c43-e792796b5f76,广西壮族自治区,桂林市,,,2025-08-01,2025-12-31,2,serial_id,asc,6,2026-08-12T08:59:23+00:00
4b0e69c0-81e4-41e8-82da-2358144b3b8e,2025121401442,2,0,6,2025-12-14 09:20,2025-12-14 10:14,70639,糖酥薄饼,广西壮族自治区,桂林市,灵川县,甘棠江公园,4b0e69c0-81e4-41e8-82da-2358144b3b8e,广西壮族自治区,桂林市,,,2025-08-01,2025-12-31,2,serial_id,asc,6,2026-08-12T08:59:23+00:00
32880053-9eaf-46ae-8321-737ad981399f,2025121401545,2,0,12,2025-12-13 15:34,2025-12-13 17:34,70639,糖酥薄饼,广西壮族自治区,桂林市,灵川县,塘家尾村,32880053-9eaf-46ae-8321-737ad981399f,广西壮族自治区,桂林市,,,2025-08-01,2025-12-31,2,serial_id,asc,6,2026-08-12T08:59:23+00:00
a0392efc-0f05-4219-8a36-9b63ae1f0786,2025121401690,2,0,24,2025-12-14 09:30,2025-12-14 13:30,37521,Dylan,广西壮族自治区,桂林市,秀峰区,田心里,a0392efc-0f05-4219-8a36-9b63ae1f0786,广西壮族自治区,桂林市,,,2025-08-01,2025-12-31,2,serial_id,asc,6,2026-08-12T08:59:23+00:00
9ba782ef-8693-4f69-ad6d-92b5ba79ce88,2025121402312,2,0,7,2025-12-14 18:00,2025-12-14 19:00,72005,澳洲恶霸葵花鹦鹉,广西壮族自治区,桂林市,雁山区,广西师范大学,9ba782ef-8693-4f69-ad6d-92b5ba79ce88,广西壮族自治区,桂林市,,,2025-08-01,2025-12-31,2,serial_id,asc,6,2026-08-12T08:59:23+00:00
80e72b28-a886-4eea-9ec8-2aef85099220,2025121402445,2,0,2,2025-12-14 10:34,2025-12-14 15:46,96082,神木,广西壮族自治区,桂林市,兴安县,猫儿山,80e72b28-a886-4eea-9ec8-2aef85099220,广西壮族自治区,桂林市,,,2025-08-01,2025-12-31,2,serial_id,asc,6,2026-08-12T08:59:23+00:00
90c20e17-2f18-4dea-837f-845b55c7a4f7,2025121402533,2,0,8,2025-12-14 16:25,2025-12-14 18:15,62041,桂林bird,广西壮族自治区,桂林市,秀峰区,耀和荣裕西南(琴潭道),90c20e17-2f18-4dea-837f-845b55c7a4f7,广西壮族自治区,桂林市,,,2025-08-01,2025-12-31,2,serial_id,asc,6,2026-08-12T08:59:23+00:00
ae48b3c4-90f8-4600-bf53-057e013e8db9,2025121600120,2,0,10,2025-12-16 08:00,2025-12-16 09:00,39084,李大鹏,广西壮族自治区,桂林市,象山区,象鼻山景区,ae48b3c4-90f8-4600-bf53-057e013e8db9,广西壮族自治区,桂林市,,,2025-08-01,2025-12-31,2,serial_id,asc,6,2026-08-12T08:59:23+00:00
e07f712c-990d-466b-8293-34c5646ad7f7,2025121600591,2,0,17,2025-12-15 09:32,2025-12-15 11:00,44529,勺勺子,广西壮族自治区,桂林市,秀峰区,桂林鼎晟琴潭岩旅游停车场充电桩,e07f712c-990d-466b-8293-34c5646ad7f7,广西壮族自治区,桂林市,,,2025-08-01,2025-12-31,2,serial_id,asc,6,2026-08-12T08:59:23+00:00
c87914cf-5c3c-4964-a3f9-d9d12615db2b,2025121600595,2,0,1,2025-12-16 08:00,2025-12-16 10:00,44529,勺勺子,广西壮族自治区,桂林市,象山区,广西桂林国家森林公园,c87914cf-5c3c-4964-a3f9-d9d12615db2b,广西壮族自治区,桂林市,,,2025-08-01,2025-12-31,2,serial_id,asc,6,2026-08-12T08:59:23+00:00
935bab17-6c26-418e-b00d-97bc429c2329,2025121600735,2,0,8,2025-12-05 08:30,2025-12-05 09:00,68484,milandodo,广西壮族自治区,桂林市,雁山区,雁山区柘木镇卫家渡村,935bab17-6c26-418e-b00d-97bc429c2329,广西壮族自治区,桂林市,,,2025-08-01,2025-12-31,2,serial_id,asc,6,2026-08-12T08:59:23+00:00
9539e19b-0875-43ca-bc7b-2fa32c0966c6,2025121600841,2,0,19,2025-12-15 08:00,2025-12-15 10:20,73106,Akira2025,广西壮族自治区,桂林市,秀峰区,秀峰区桂林琴潭万福洞(翠竹路南),9539e19b-0875-43ca-bc7b-2fa32c0966c6,广西壮族自治区,桂林市,,,2025-08-01,2025-12-31,2,serial_id,asc,6,2026-08-12T08:59:23+00:00
bd520695-d6fd-4723-b41b-a52af258caf7,2025121701208,2,0,13,2025-12-17 15:38,2025-12-17 18:00,72005,澳洲恶霸葵花鹦鹉,广西壮族自治区,桂林市,象山区,桂林森林公园,bd520695-d6fd-4723-b41b-a52af258caf7,广西壮族自治区,桂林市,,,2025-08-01,2025-12-31,2,serial_id,asc,6,2026-08-12T08:59:23+00:00
121513e2-a363-4f43-b280-d188dfb03844,2025121701575,2,0,19,2025-12-17 07:40,2025-12-17 12:30,73106,Akira2025,广西壮族自治区,桂林市,灵川县,灵川县灵田镇花江,121513e2-a363-4f43-b280-d188dfb03844,广西壮族自治区,桂林市,,,2025-08-01,2025-12-31,2,serial_id,asc,6,2026-08-12T08:59:23+00:00
a938120f-c6ff-497f-9413-0ce428cab662,2025121800119,2,0,30,2025-12-18 08:00,2025-12-18 09:00,44529,勺勺子,广西壮族自治区,桂林市,临桂区,会仙湿地,a938120f-c6ff-497f-9413-0ce428cab662,广西壮族自治区,桂林市,,,2025-08-01,2025-12-31,2,serial_id,asc,6,2026-08-12T08:59:23+00:00
2d8800aa-4597-4a5b-b814-0075713b7b2c,2025121800137,2,0,12,2025-12-18 08:00,2025-12-18 09:00,39084,李大鹏,广西壮族自治区,桂林市,象山区,象山景区,2d8800aa-4597-4a5b-b814-0075713b7b2c,广西壮族自治区,桂林市,,,2025-08-01,2025-12-31,2,serial_id,asc,6,2026-08-12T08:59:23+00:00
bec898c5-79fc-4ef3-b801-6a80b602b59c,2025121800651,2,0,27,2025-12-18 07:30,2025-12-18 13:13,73106,Akira2025,广西壮族自治区,桂林市,临桂区,会仙湿地,bec898c5-79fc-4ef3-b801-6a80b602b59c,广西壮族自治区,桂林市,,,2025-08-01,2025-12-31,2,serial_id,asc,6,2026-08-12T08:59:23+00:00
e729ef95-b307-435c-8092-83a9222e9662,2025121801272,2,0,21,2025-12-17 07:40,2025-12-17 12:30,44529,勺勺子,广西壮族自治区,桂林市,灵川县,灵川县灵田镇花江,e729ef95-b307-435c-8092-83a9222e9662,广西壮族自治区,桂林市,,,2025-08-01,2025-12-31,2,serial_id,asc,6,2026-08-12T08:59:23+00:00
c209a392-df04-4b42-bc18-0c8e2cd68b41,2025121900110,2,0,21,2025-12-19 08:05,2025-12-19 09:00,97793,小皮,广西壮族自治区,桂林市,象山区,广西桂林国家森林公园,c209a392-df04-4b42-bc18-0c8e2cd68b41,广西壮族自治区,桂林市,,,2025-08-01,2025-12-31,2,serial_id,asc,6,2026-08-12T08:59:23+00:00
ef74fbce-0979-4e20-920b-8822517a2a7d,2025121900233,2,0,17,2025-12-19 10:00,2025-12-19 11:00,39084,李大鹏,广西壮族自治区,桂林市,象山区,桂林森林公园,ef74fbce-0979-4e20-920b-8822517a2a7d,广西壮族自治区,桂林市,,,2025-08-01,2025-12-31,2,serial_id,asc,6,2026-08-12T08:59:23+00:00
7f6e0682-8378-4828-bdec-9929d56a8267,2025122001489,2,0,10,2025-12-20 08:03,2025-12-20 11:03,62041,桂林bird,广西壮族自治区,桂林市,象山区,广西桂林国家森林公园,7f6e0682-8378-4828-bdec-9929d56a8267,广西壮族自治区,桂林市,,,2025-08-01,2025-12-31,2,serial_id,asc,6,2026-08-12T08:59:23+00:00
b317dd11-5e50-45df-aabf-935fc6f44964,2025122100709,2,0,12,2025-12-21 07:30,2025-12-21 12:00,62041,桂林bird,广西壮族自治区,桂林市,灵川县,灵川镇南昌村,b317dd11-5e50-45df-aabf-935fc6f44964,广西壮族自治区,桂林市,,,2025-08-01,2025-12-31,2,serial_id,asc,6,2026-08-12T08:59:23+00:00
9a53741d-ec9f-4815-846c-513cbbf0e9df,2025122101276,2,0,1,2025-08-07 15:25,2025-08-07 16:25,48576,艺函,广西壮族自治区,桂林市,阳朔县,狗蛋农场咖啡*乡野厨房,9a53741d-ec9f-4815-846c-513cbbf0e9df,广西壮族自治区,桂林市,,,2025-08-01,2025-12-31,2,serial_id,asc,6,2026-08-12T08:59:23+00:00
2f1c837e-0166-477b-83ef-9c6383de7ad7,2025122101813,2,0,23,2025-12-17 16:24,2025-12-18 10:24,16427,韦碧泉,广西壮族自治区,桂林市,资源县,猫儿山景区,2f1c837e-0166-477b-83ef-9c6383de7ad7,广西壮族自治区,桂林市,,,2025-08-01,2025-12-31,2,serial_id,asc,6,2026-08-12T08:59:23+00:00
63d5558d-8b56-4957-b249-178b5b8c5a50,2025122101934,2,0,12,2025-12-21 16:32,2025-12-21 17:47,72005,澳洲恶霸葵花鹦鹉,广西壮族自治区,桂林市,雁山区,广西师范大学雁山校区,63d5558d-8b56-4957-b249-178b5b8c5a50,广西壮族自治区,桂林市,,,2025-08-01,2025-12-31,2,serial_id,asc,6,2026-08-12T08:59:23+00:00
6692ecba-6f90-46a3-b3b4-fe0c9a20c65e,2025122200744,2,0,6,2025-12-22 13:00,2025-12-22 14:00,54988,gospel123,广西壮族自治区,桂林市,象山区,桂林森林公园,6692ecba-6f90-46a3-b3b4-fe0c9a20c65e,广西壮族自治区,桂林市,,,2025-08-01,2025-12-31,2,serial_id,asc,6,2026-08-12T08:59:23+00:00
8d30559b-1644-4b43-bffd-eb9f978a56ba,2025122501127,2,0,28,2025-12-25 15:19,2025-12-25 18:00,72005,澳洲恶霸葵花鹦鹉,广西壮族自治区,桂林市,临桂区,广西桂林会仙喀斯特国家湿地公园,8d30559b-1644-4b43-bffd-eb9f978a56ba,广西壮族自治区,桂林市,,,2025-08-01,2025-12-31,2,serial_id,asc,6,2026-08-12T08:59:23+00:00
30f0e5ef-7eed-41ec-9297-9105a289aefe,2025122600354,2,0,7,2025-12-26 08:00,2025-12-26 09:40,62041,桂林bird,广西壮族自治区,桂林市,象山区,广西桂林国家森林公园,30f0e5ef-7eed-41ec-9297-9105a289aefe,广西壮族自治区,桂林市,,,2025-08-01,2025-12-31,2,serial_id,asc,6,2026-08-12T08:59:23+00:00
4cbecd7f-abd6-4318-9c61-1da0d8e839a1,2025122601237,2,0,14,2025-12-26 15:40,2025-12-26 17:40,52029,Minaret,广西壮族自治区,桂林市,阳朔县,水厄底码头,4cbecd7f-abd6-4318-9c61-1da0d8e839a1,广西壮族自治区,桂林市,,,2025-08-01,2025-12-31,2,serial_id,asc,6,2026-08-12T08:59:23+00:00
c172b784-922c-4a36-a3fd-3c2edb14c1ea,2025122702982,2,0,13,2025-12-27 08:00,2025-12-27 09:30,37521,Dylan,广西壮族自治区,桂林市,象山区,桂林森林公园,c172b784-922c-4a36-a3fd-3c2edb14c1ea,广西壮族自治区,桂林市,,,2025-08-01,2025-12-31,2,serial_id,asc,6,2026-08-12T08:59:23+00:00
556dd2b1-46b3-4321-8579-bae769000c65,2025122800001,2,0,11,2025-12-27 16:30,2025-12-27 18:00,37521,Dylan,广西壮族自治区,桂林市,灵川县,老圩,556dd2b1-46b3-4321-8579-bae769000c65,广西壮族自治区,桂林市,,,2025-08-01,2025-12-31,2,serial_id,asc,6,2026-08-12T08:59:23+00:00
2dc49aad-a689-45b0-a236-5741922249c3,2025122802944,2,0,12,2025-12-27 14:30,2025-12-27 18:00,92250,sva,广西壮族自治区,桂林市,秀峰区,田心里,2dc49aad-a689-45b0-a236-5741922249c3,广西壮族自治区,桂林市,,,2025-08-01,2025-12-31,2,serial_id,asc,6,2026-08-12T08:59:23+00:00
0bd290ba-be52-44b7-aef2-261f462c8951,2025122802947,2,0,4,2025-12-28 16:00,2025-12-28 18:00,92250,sva,广西壮族自治区,桂林市,叠彩区,桂林市白云观,0bd290ba-be52-44b7-aef2-261f462c8951,广西壮族自治区,桂林市,,,2025-08-01,2025-12-31,2,serial_id,asc,6,2026-08-12T08:59:23+00:00
b652791c-e9d9-4449-8ce0-ca2fb4d1b214,2025122803211,2,0,12,2025-12-28 10:00,2025-12-28 14:00,62041,桂林bird,广西壮族自治区,桂林市,灵川县,灵川县灵田镇花江,b652791c-e9d9-4449-8ce0-ca2fb4d1b214,广西壮族自治区,桂林市,,,2025-08-01,2025-12-31,2,serial_id,asc,6,2026-08-12T08:59:23+00:00
d56c57eb-15c9-4fed-b2e8-ad1a92a1f03d,2025122803231,2,0,43,2025-12-28 10:00,2025-12-29 14:00,37521,Dylan,广西壮族自治区,桂林市,灵川县,灵川县灵田镇花江,d56c57eb-15c9-4fed-b2e8-ad1a92a1f03d,广西壮族自治区,桂林市,,,2025-08-01,2025-12-31,2,serial_id,asc,6,2026-08-12T08:59:23+00:00
2bb85ed4-55df-468b-87e8-8a5fe4d006ba,2025122901026,2,0,9,2025-12-29 16:00,2025-12-29 17:00,39079,lanshan,广西壮族自治区,桂林市,阳朔县,阳朔漓江景区,2bb85ed4-55df-468b-87e8-8a5fe4d006ba,广西壮族自治区,桂林市,,,2025-08-01,2025-12-31,2,serial_id,asc,6,2026-08-12T08:59:23+00:00
cd97f3df-addb-4c7d-a058-bcfa32bf1573,2025123100721,2,0,8,2025-12-30 09:30,2025-12-30 11:00,83068,TOKI,广西壮族自治区,桂林市,灵川县,漓江三星游船(磨盘山码头),cd97f3df-addb-4c7d-a058-bcfa32bf1573,广西壮族自治区,桂林市,,,2025-08-01,2025-12-31,2,serial_id,asc,6,2026-08-12T08:59:23+00:00
95a3a545-deec-42bc-b263-8803c10589d1,2025123101726,2,0,8,2025-12-31 17:00,2025-12-31 18:00,57572,马天阳,广西壮族自治区,桂林市,象山区,桂林森林公园,95a3a545-deec-42bc-b263-8803c10589d1,广西壮族自治区,桂林市,,,2025-08-01,2025-12-31,2,serial_id,asc,6,2026-08-12T08:59:23+00:00
102957e3-f9a6-4232-85e8-3d60183333e4,2025123101919,2,0,13,2025-10-18 15:00,2025-10-18 16:00,46539,拔拔,广西壮族自治区,桂林市,兴安县,猫儿山,102957e3-f9a6-4232-85e8-3d60183333e4,广西壮族自治区,桂林市,,,2025-08-01,2025-12-31,2,serial_id,asc,6,2026-08-12T08:59:23+00:00
7377e638-f192-484b-924d-bbe3c8327412,2026010500622,2,0,1,2025-11-29 11:40,2025-11-29 12:40,84928,水流云在,广西壮族自治区,桂林市,象山区,广西桂林国家森林公园,7377e638-f192-484b-924d-bbe3c8327412,广西壮族自治区,桂林市,,,2025-08-01,2025-12-31,2,serial_id,asc,6,2026-08-12T08:59:23+00:00
4f4cb645-8245-4740-8610-38d5a9c85c0b,2026011700220,2,0,6,2025-09-26 15:52,2025-09-26 17:52,94728,一色,广西壮族自治区,桂林市,七星区,七星区理工大学漓江郡府丹桂府西(济民路南),4f4cb645-8245-4740-8610-38d5a9c85c0b,广西壮族自治区,桂林市,,,2025-08-01,2025-12-31,2,serial_id,asc,6,2026-08-12T08:59:23+00:00
b3fba717-9bfc-4fcf-b4db-58d89e64e81b,2026011700227,2,0,9,2025-11-01 09:02,2025-11-01 12:02,94728,一色,广西壮族自治区,桂林市,雁山区,卫家渡村(桂林市雁山区),b3fba717-9bfc-4fcf-b4db-58d89e64e81b,广西壮族自治区,桂林市,,,2025-08-01,2025-12-31,2,serial_id,asc,6,2026-08-12T08:59:23+00:00
93eac4d1-371e-4c7f-a551-59e017d1b377,2026011700283,2,0,3,2025-11-11 09:27,2025-11-11 11:27,94728,一色,广西壮族自治区,桂林市,兴安县,飞霞寺,93eac4d1-371e-4c7f-a551-59e017d1b377,广西壮族自治区,桂林市,,,2025-08-01,2025-12-31,2,serial_id,asc,6,2026-08-12T08:59:23+00:00
aa6c14bf-0cc0-47d5-bffc-ace00993e6c7,2026012503618,2,0,26,2025-08-01 16:45,2025-08-03 11:45,29242,兔子307,广西壮族自治区,桂林市,资源县,猫儿山景区,aa6c14bf-0cc0-47d5-bffc-ace00993e6c7,广西壮族自治区,桂林市,,,2025-08-01,2025-12-31,2,serial_id,asc,6,2026-08-12T08:59:23+00:00
6de15541-8890-4189-b97b-0ec785b25767,2026022700090,2,0,1,2025-10-29 06:30,2025-10-29 07:00,81417,陌陌,广西壮族自治区,桂林市,阳朔县,阳朔漓江景区,6de15541-8890-4189-b97b-0ec785b25767,广西壮族自治区,桂林市,,,2025-08-01,2025-12-31,2,serial_id,asc,6,2026-08-12T08:59:23+00:00
ccc52740-8d22-4e85-aeb0-6273fe1fb9aa,2026022700091,2,0,1,2025-10-29 08:15,2025-10-29 08:45,81417,陌陌,广西壮族自治区,桂林市,阳朔县,胜地酒店(阳朔十里画廊遇龙河店),ccc52740-8d22-4e85-aeb0-6273fe1fb9aa,广西壮族自治区,桂林市,,,2025-08-01,2025-12-31,2,serial_id,asc,6,2026-08-12T08:59:23+00:00
3dbffa84-f08c-40f4-b504-c6872fe67b98,2026022700094,2,0,1,2025-10-29 08:30,2025-10-29 09:00,81417,陌陌,广西壮族自治区,桂林市,阳朔县,胜地酒店(阳朔十里画廊遇龙河店),3dbffa84-f08c-40f4-b504-c6872fe67b98,广西壮族自治区,桂林市,,,2025-08-01,2025-12-31,2,serial_id,asc,6,2026-08-12T08:59:23+00:00
56347803-797f-416e-abf0-13b5a3352bf5,2026022700096,2,0,1,2025-10-29 08:45,2025-10-29 10:00,81417,陌陌,广西壮族自治区,桂林市,阳朔县,胜地酒店(阳朔十里画廊遇龙河店),56347803-797f-416e-abf0-13b5a3352bf5,广西壮族自治区,桂林市,,,2025-08-01,2025-12-31,2,serial_id,asc,6,2026-08-12T08:59:23+00:00
d8f03573-01d3-4497-aab3-6799c64d04a2,2026022700098,2,0,1,2025-10-29 09:30,2025-10-29 10:00,81417,陌陌,广西壮族自治区,桂林市,阳朔县,胜地酒店(阳朔十里画廊遇龙河店),d8f03573-01d3-4497-aab3-6799c64d04a2,广西壮族自治区,桂林市,,,2025-08-01,2025-12-31,2,serial_id,asc,6,2026-08-12T08:59:23+00:00
832e2fac-436f-4447-87b9-04beea6e7f5d,2026022700102,2,0,1,2025-10-30 08:00,2025-10-30 08:30,81417,陌陌,广西壮族自治区,桂林市,龙胜各族自治县,龙脊梯田风景名胜区,832e2fac-436f-4447-87b9-04beea6e7f5d,广西壮族自治区,桂林市,,,2025-08-01,2025-12-31,2,serial_id,asc,7,2026-08-12T08:59:26+00:00
e49b3266-2096-43aa-9b2d-5073f20dcb9b,2026022700103,2,0,1,2025-10-30 08:30,2025-10-30 08:45,81417,陌陌,广西壮族自治区,桂林市,龙胜各族自治县,龙脊梯田风景名胜区,e49b3266-2096-43aa-9b2d-5073f20dcb9b,广西壮族自治区,桂林市,,,2025-08-01,2025-12-31,2,serial_id,asc,7,2026-08-12T08:59:26+00:00
587ee952-3f6a-4796-a0aa-7b25c81e35ab,2026022700105,2,0,1,2025-10-30 08:30,2025-10-30 09:00,81417,陌陌,广西壮族自治区,桂林市,龙胜各族自治县,龙脊梯田风景名胜区,587ee952-3f6a-4796-a0aa-7b25c81e35ab,广西壮族自治区,桂林市,,,2025-08-01,2025-12-31,2,serial_id,asc,7,2026-08-12T08:59:26+00:00
44e24539-f223-4196-94e2-4afaf173a397,2026022700108,2,0,1,2025-10-30 09:00,2025-10-30 09:45,81417,陌陌,广西壮族自治区,桂林市,龙胜各族自治县,小路,44e24539-f223-4196-94e2-4afaf173a397,广西壮族自治区,桂林市,,,2025-08-01,2025-12-31,2,serial_id,asc,7,2026-08-12T08:59:26+00:00
f12bed85-8850-43e3-8bed-df50918bfe3e,2026022700109,2,0,1,2025-10-30 09:30,2025-10-30 09:45,81417,陌陌,广西壮族自治区,桂林市,龙胜各族自治县,小路,f12bed85-8850-43e3-8bed-df50918bfe3e,广西壮族自治区,桂林市,,,2025-08-01,2025-12-31,2,serial_id,asc,7,2026-08-12T08:59:26+00:00
efd943f8-343b-4dbb-b275-37d5a6293ebc,2026022700110,2,0,1,2025-10-30 08:45,2025-10-30 09:30,81417,陌陌,广西壮族自治区,桂林市,龙胜各族自治县,小路,efd943f8-343b-4dbb-b275-37d5a6293ebc,广西壮族自治区,桂林市,,,2025-08-01,2025-12-31,2,serial_id,asc,7,2026-08-12T08:59:26+00:00
d3299d72-d7c5-4c14-be70-dc5689c68cf4,2026022700111,2,0,1,2025-10-30 08:30,2025-10-30 09:45,81417,陌陌,广西壮族自治区,桂林市,龙胜各族自治县,小路,d3299d72-d7c5-4c14-be70-dc5689c68cf4,广西壮族自治区,桂林市,,,2025-08-01,2025-12-31,2,serial_id,asc,7,2026-08-12T08:59:26+00:00
368d56d2-43ad-43b7-afe2-00b33b6a6629,2026022700112,2,0,1,2025-10-30 09:00,2025-10-30 10:00,81417,陌陌,广西壮族自治区,桂林市,龙胜各族自治县,小路,368d56d2-43ad-43b7-afe2-00b33b6a6629,广西壮族自治区,桂林市,,,2025-08-01,2025-12-31,2,serial_id,asc,7,2026-08-12T08:59:26+00:00
db659930-c02d-4877-8e8c-ba3f5c36b100,2026041800355,2,0,6,2025-11-06 16:00,2025-11-06 17:00,46204,AdmireVega,广西壮族自治区,桂林市,阳朔县,碧莲洞景区-北宋杨公铁笠,db659930-c02d-4877-8e8c-ba3f5c36b100,广西壮族自治区,桂林市,,,2025-08-01,2025-12-31,2,serial_id,asc,7,2026-08-12T08:59:26+00:00
99f773ca-d0d7-4648-9c0e-af575a7879c9,2026042001802,2,0,5,2025-12-23 07:07,2025-12-23 15:07,101839,corngeng,广西壮族自治区,桂林市,象山区,广西桂林国家森林公园,99f773ca-d0d7-4648-9c0e-af575a7879c9,广西壮族自治区,桂林市,,,2025-08-01,2025-12-31,2,serial_id,asc,7,2026-08-12T08:59:26+00:00
b55e85e4-54a1-425b-a642-9e7ac62cf1f6,2026042001811,2,0,2,2025-12-24 07:11,2025-12-24 12:11,101839,corngeng,广西壮族自治区,桂林市,七星区,穿山公园,b55e85e4-54a1-425b-a642-9e7ac62cf1f6,广西壮族自治区,桂林市,,,2025-08-01,2025-12-31,2,serial_id,asc,7,2026-08-12T08:59:26+00:00
cb3547ca-206b-4ca3-86fc-6f9a55847e62,2026051800569,2,0,1,2025-10-12 15:26,2025-10-12 17:30,109169,allen181,广西壮族自治区,桂林市,象山区,象鼻山景区,cb3547ca-206b-4ca3-86fc-6f9a55847e62,广西壮族自治区,桂林市,,,2025-08-01,2025-12-31,2,serial_id,asc,7,2026-08-12T08:59:26+00:00
8a5da80e-880e-46d9-9710-3637e7fb96e4,2026053001804,2,0,1,2025-12-27 15:00,2025-12-27 16:15,100415,帝国疯牛,广西壮族自治区,桂林市,阳朔县,阳朔漓江景区,8a5da80e-880e-46d9-9710-3637e7fb96e4,广西壮族自治区,桂林市,,,2025-08-01,2025-12-31,2,serial_id,asc,7,2026-08-12T08:59:26+00:00
3a1d855b-32fc-4a3e-95d4-cc0d9adc59ce,2026060100034,2,0,13,2025-08-02 08:33,2025-08-03 14:33,120781,爱拍鸟的猫咪,广西壮族自治区,桂林市,兴安县,猫儿山国家级自然保护区,3a1d855b-32fc-4a3e-95d4-cc0d9adc59ce,广西壮族自治区,桂林市,,,2025-08-01,2025-12-31,2,serial_id,asc,7,2026-08-12T08:59:26+00:00
011efaa7-faab-4263-9aa5-69a1ff8b451f,2026060600037,2,0,3,2025-12-28 09:00,2025-12-28 16:30,118129,pocoyt,广西壮族自治区,桂林市,阳朔县,漓江之全家洲至老村头至冷水渡沿岸,011efaa7-faab-4263-9aa5-69a1ff8b451f,广西壮族自治区,桂林市,,,2025-08-01,2025-12-31,2,serial_id,asc,7,2026-08-12T08:59:26+00:00
